ids;SETID;ZIP_FILE_NAME;SPL_VERSION;TITLE
0002eded-a283-4590-a78c-b6ff2027e684;0002eded-a283-4590-a78c-b6ff2027e684;20160810_0002eded-a283-4590-a78c-b6ff2027e684.zip;1;GABAPENTIN TABLET, FILM COATED [LIBERTY PHARMACEUTICALS, INC.]
0005e2a8-3ab9-4173-a46f-9c53881379e2;0005e2a8-3ab9-4173-a46f-9c53881379e2;20100827_0005e2a8-3ab9-4173-a46f-9c53881379e2.zip;2;PLAVIX (CLOPIDOGREL BISULFATE) TABLET, FILM COATED [CONTRACT PHARMACY SERVICES-PA]
0007892c-8c17-400d-b820-020aa32f433b;0007892c-8c17-400d-b820-020aa32f433b;20110726_0007892c-8c17-400d-b820-020aa32f433b.zip;3;LORAZEPAM TABLET [PHYSICIANS TOTAL CARE, INC.]
00088ecd-e45d-4080-b124-e66376ad7694;00088ecd-e45d-4080-b124-e66376ad7694;20110121_00088ecd-e45d-4080-b124-e66376ad7694.zip;2;CLINDAMYCIN PHOSPHATE INJECTION, SOLUTION [PHYSICIANS TOTAL CARE, INC.]
000b5b37-3873-4007-b3be-ad99a9904bed;000b5b37-3873-4007-b3be-ad99a9904bed;20180405_000b5b37-3873-4007-b3be-ad99a9904bed.zip;1;ETODOLAC TABLET, FILM COATED [AIDAREX PHARMACEUTICALS LLC]
00109d18-397a-4c10-a28b-836d56d71829;00109d18-397a-4c10-a28b-836d56d71829;20120314_00109d18-397a-4c10-a28b-836d56d71829.zip;3;OXYCODONE AND ACETAMINOPHEN (OXYCODONE HYDROCHLORIDE AND ACETAMINOPHEN) TABLET [STAT RX USA LLC]
0013824B-6AEE-4DA4-AFFD-35BC6BF19D91;0013824b-6aee-4da4-affd-35bc6bf19d91;20060828_0013824B-6AEE-4DA4-AFFD-35BC6BF19D91.zip;1;CEFIZOX (CEFTIZOXIME) INJECTION, POWDER, LYOPHILIZED, FOR SOLUTION [FUJISAWA HEALTHCARE, INC.]
0013c0c8-513a-48f3-a918-5bc1750c96a7;0013c0c8-513a-48f3-a918-5bc1750c96a7;20140403_0013c0c8-513a-48f3-a918-5bc1750c96a7.zip;4;ISONIAZID TABLET [LIBERTY PHARMACEUTICALS, INC.]
00179766-980b-44b0-99d3-1fee2bb27e37;00179766-980b-44b0-99d3-1fee2bb27e37;20191128_00179766-980b-44b0-99d3-1fee2bb27e37.zip;2;SERTRALINE HYDROCHLORIDE TABLET [PROFICIENT RX LP]
0018861f-1b9b-431b-84ee-9d34aab615c3;0018861f-1b9b-431b-84ee-9d34aab615c3;20120625_0018861f-1b9b-431b-84ee-9d34aab615c3.zip;5;AMNESTEEM (ISOTRETINOIN) CAPSULE [PHYSICIANS TOTAL CARE, INC.]
001dcaf3-5838-4fb0-a4b8-d65ae2eb009e;001dcaf3-5838-4fb0-a4b8-d65ae2eb009e;20091218_001dcaf3-5838-4fb0-a4b8-d65ae2eb009e.zip;1;CATTLE EPITHELIUM INJECTION, SOLUTION DOG EPITHELIUM INJECTION, SOLUTION CHICKEN FEATHERS INJECTION, SOLUTION DUCK FEATHERS INJECTION, SOLUTION GOOSE FEATHERS INJECTION, SOLUTION GERBIL EPITHELIUM INJECTION, SOLUTION GOAT EPITHELIUM INJECTION, SOLUTION GU
001dd372-2692-4d6f-a71c-95e7056349a9;001dd372-2692-4d6f-a71c-95e7056349a9;20160806_001dd372-2692-4d6f-a71c-95e7056349a9.zip;3;ACIPHEX (RABEPRAZOLE SODIUM) TABLET, DELAYED RELEASE [CARILION MATERIALS MANAGEMENT]
001e3b1c-b7c1-44aa-b812-e78dbf4f3069;001e3b1c-b7c1-44aa-b812-e78dbf4f3069;20170928_001e3b1c-b7c1-44aa-b812-e78dbf4f3069.zip;2;IPRATROPIUM BROMIDE AND ALBUTEROL SULFATE INHALANT [MEDICAL SUPPLY DISTRIBUTION, LLC.]
0027b8a3-73bf-4005-a7e3-b035f451a861;0027b8a3-73bf-4005-a7e3-b035f451a861;20100729_0027b8a3-73bf-4005-a7e3-b035f451a861.zip;1;HALOPERIDOL TABLET [CONTRACT PHARMACY SERVICES-PA]
002d4c7e-b94e-49b6-8554-0aa0c60d5bde;002d4c7e-b94e-49b6-8554-0aa0c60d5bde;20140410_002d4c7e-b94e-49b6-8554-0aa0c60d5bde.zip;1;VALPROIC ACID CAPSULE [APHENA PHARMA SOLUTIONS - TENNESSEE, LLC]
00350fc0-b8db-47e5-8164-0ab539e1c642;00350fc0-b8db-47e5-8164-0ab539e1c642;20180430_00350fc0-b8db-47e5-8164-0ab539e1c642.zip;1;28.5% SALICYLIC ACID (SALICYLIC ACID) SOLUTION [ELORAC, INC.]
003663e5-c0c7-4fc1-a64d-313f2a5b10d2;003663e5-c0c7-4fc1-a64d-313f2a5b10d2;20191023_003663e5-c0c7-4fc1-a64d-313f2a5b10d2.zip;35;LAMOTRIGINE TABLET, ORALLY DISINTEGRATING LAMOTRIGINE KIT [PAR PHARMACEUTICAL, INC.]
0038f081-a867-43ed-8415-9f0003871291;0038f081-a867-43ed-8415-9f0003871291;20150323_0038f081-a867-43ed-8415-9f0003871291.zip;1;CYCLOBENZAPRINE HYDROCHLORIDE TABLET, FILM COATED [NORTHWIND PHARMACEUTICALS, LLC]
003dd45b-1e86-4261-8bf8-f572414b59a6;003dd45b-1e86-4261-8bf8-f572414b59a6;20200529_003dd45b-1e86-4261-8bf8-f572414b59a6.zip;1;DOXYCYCLINE HYCLATE TABLET [CHANGZHOU PHARMACEUTICAL FACTORY]
003fe32c-a55d-4191-99fa-1013522b1b2e;003fe32c-a55d-4191-99fa-1013522b1b2e;20200716_003fe32c-a55d-4191-99fa-1013522b1b2e.zip;2;PERPHENAZINE TABLET [CADILA HEALTHCARE LIMITED]
0045ec13-789a-40a1-ac1f-8c29049cfd13;0045ec13-789a-40a1-ac1f-8c29049cfd13;20130408_0045ec13-789a-40a1-ac1f-8c29049cfd13.zip;2;HYDROCODONE BITARTRATE AND ACETAMINOPHEN TABLET [DISPENSING SOLUTIONS, INC.]
00478eeb-f1c8-4355-a7c3-81c340b557d8;00478eeb-f1c8-4355-a7c3-81c340b557d8;20141219_00478eeb-f1c8-4355-a7c3-81c340b557d8.zip;1;ATENOLOL TABLET [STATE OF FLORIDA DOH CENTRAL PHARMACY]
004da013-8bd9-497a-b38e-14ff86859be7;004da013-8bd9-497a-b38e-14ff86859be7;20180419_004da013-8bd9-497a-b38e-14ff86859be7.zip;5;LIDOCAINE AND PRILOCAINE CREAM [A-S MEDICATION SOLUTIONS]
004fe393-962d-427c-93f4-31a48806ecf3;004fe393-962d-427c-93f4-31a48806ecf3;20190820_004fe393-962d-427c-93f4-31a48806ecf3.zip;2;CEPHALEXIN POWDER, FOR SUSPENSION [TWI PHARMACEUTICALS, INC.]
0055edbf-f1f6-4b50-8e41-202c5a2a7883;0055edbf-f1f6-4b50-8e41-202c5a2a7883;20120827_0055edbf-f1f6-4b50-8e41-202c5a2a7883.zip;1;DICLOFENAC SODIUM TABLET, DELAYED RELEASE [APHENA PHARMA SOLUTIONS - TENNESSEE, INC.]
005909e4-77d2-440f-a10b-30fab27ffbc3;005909e4-77d2-440f-a10b-30fab27ffbc3;20170706_005909e4-77d2-440f-a10b-30fab27ffbc3.zip;4;NIZATIDINE CAPSULE [CARILION MATERIALS MANAGEMENT]
0060d1b1-4cfc-4b69-86a8-9bd44a071e94;0060d1b1-4cfc-4b69-86a8-9bd44a071e94;20111206_0060d1b1-4cfc-4b69-86a8-9bd44a071e94.zip;1;MELOXICAM TABLET [MEDVANTX, INC.]
006801ed-d93f-4346-863a-cc03e6712520;006801ed-d93f-4346-863a-cc03e6712520;20190205_006801ed-d93f-4346-863a-cc03e6712520.zip;1;HYDROXYCHLOROQUINE SULFATE TABLET [A-S MEDICATION SOLUTIONS]
00743170-275e-43b2-8728-bef3c788aa0f;00743170-275e-43b2-8728-bef3c788aa0f;20130820_00743170-275e-43b2-8728-bef3c788aa0f.zip;1;VALSARTAN AND HYDROCHLOROTHIAZIDE TABLET, FILM COATED [DISPENSING SOLUTIONS, INC.]
0081f751-e2e5-4d28-9053-306accab3561;0081f751-e2e5-4d28-9053-306accab3561;20141019_0081f751-e2e5-4d28-9053-306accab3561.zip;2;LEVETIRACETAM TABLET, FILM COATED [TYA PHARMACEUTICALS]
0084d5bc-17d5-4c58-a791-7ab3bb4590b7;0084d5bc-17d5-4c58-a791-7ab3bb4590b7;20100510_0084d5bc-17d5-4c58-a791-7ab3bb4590b7.zip;1;MEPERIDINE HYDROCHLORIDE INJECTION [PHYSICIANS TOTAL CARE, INC.]
0085356d-5fec-3cce-2bd3-108be70e515d;0085356d-5fec-3cce-2bd3-108be70e515d;20200707_0085356d-5fec-3cce-2bd3-108be70e515d.zip;13;SEVELAMER CARBONATE TABLET, FILM COATED [DR. REDDY'S LABORATORIES LIMITED]
008e8da2-1390-457b-89dd-41de33611942;008e8da2-1390-457b-89dd-41de33611942;20161122_008e8da2-1390-457b-89dd-41de33611942.zip;2;LIDOCAINE (LIDOCAINE HYDROCHLORIDE) JELLY [AIDAREX PHARMACEUTICALS LLC]
009575f9-74e8-4a6d-9fa6-3cae72fd01c3;009575f9-74e8-4a6d-9fa6-3cae72fd01c3;20100526_009575f9-74e8-4a6d-9fa6-3cae72fd01c3.zip;1;LEXIVA (FOSAMPRENAVIR CALCIUM) TABLET, FILM COATED [STATE OF FLORIDA DOH CENTRAL PHARMACY]
00966aac-118a-4ee5-9230-a53a3ce5142e;00966aac-118a-4ee5-9230-a53a3ce5142e;20171130_00966aac-118a-4ee5-9230-a53a3ce5142e.zip;6;ATORVASTATIN CALCIUM TABLET, FILM COATED [UNIT DOSE SERVICES]
009797a6-5b91-42aa-ac9f-f0d2d0675624;009797a6-5b91-42aa-ac9f-f0d2d0675624;20150228_009797a6-5b91-42aa-ac9f-f0d2d0675624.zip;2;METFORMIN HYDROCHLORIDE TABLET, EXTENDED RELEASE [BLENHEIM PHARMACAL, INC.]
00a1272e-a561-4bf4-9a45-a72db19be9dd;00a1272e-a561-4bf4-9a45-a72db19be9dd;20180207_00a1272e-a561-4bf4-9a45-a72db19be9dd.zip;2;INDOMETHACIN CAPSULE [CARILION MATERIALS MANAGEMENT]
00a4bdc2-f799-4639-8c7e-7be1ad9a1b53;00a4bdc2-f799-4639-8c7e-7be1ad9a1b53;20110506_00a4bdc2-f799-4639-8c7e-7be1ad9a1b53.zip;7;OXYGEN GAS [AIRGAS NOR PAC INC]
00a4fc0b-7162-455e-8ed3-56efdbbe182e;00a4fc0b-7162-455e-8ed3-56efdbbe182e;20191108_00a4fc0b-7162-455e-8ed3-56efdbbe182e.zip;1;LEVOTHYROXINE SODIUM TABLET [PROFICIENT RX LP]
00a642fd-fbbc-41d8-ac62-83444f0b8284;00a642fd-fbbc-41d8-ac62-83444f0b8284;20150523_00a642fd-fbbc-41d8-ac62-83444f0b8284.zip;1;DR. THROWERS BETA (BETAMETHASONE) OINTMENT [DR. THROWER'S SKINCARE, INC.]
00a746cd-5c7e-4b41-b4ac-3cfec36a5e2d;00a746cd-5c7e-4b41-b4ac-3cfec36a5e2d;20141001_00a746cd-5c7e-4b41-b4ac-3cfec36a5e2d.zip;1;NAPROXEN SODIUM (NAPROXEN) TABLET [NORTHWIND PHARMACEUTICALS, LLC]
00a7dad6-0bfc-4ccc-b261-3e0004b4c659;00a7dad6-0bfc-4ccc-b261-3e0004b4c659;20170228_00a7dad6-0bfc-4ccc-b261-3e0004b4c659.zip;3;AZITHROMYCIN TABLET, FILM COATED [UNIT DOSE SERVICES]
00aa19dc-a1a7-4e08-8175-d37d7a0a4c4f;00aa19dc-a1a7-4e08-8175-d37d7a0a4c4f;20170113_00aa19dc-a1a7-4e08-8175-d37d7a0a4c4f.zip;2;CHI-MYST SYNERGY TOPICAL (CHITOSAN KETOROLAC BUPIVACAINE LIDOCAINE SUSPENSION) SPRAY, METERED [PRESCRIPTION CARE LLC]
00aa4948-6ff6-48ed-9e45-ecbb7a65452c;00aa4948-6ff6-48ed-9e45-ecbb7a65452c;20150107_00aa4948-6ff6-48ed-9e45-ecbb7a65452c.zip;1;CARBAMAZEPINE TABLET, EXTENDED RELEASE [STATE OF FLORIDA DOH CENTRAL PHARMACY]
00ab155c-60b7-4527-acc4-316c6b2efa8a;00ab155c-60b7-4527-acc4-316c6b2efa8a;20200417_00ab155c-60b7-4527-acc4-316c6b2efa8a.zip;3;HYDROXYCHLOROQUINE SULFATE TABLET [APHENA PHARMA SOLUTIONS - TENNESSEE, LLC]
00acd9e9-b26a-4626-949e-112ecd2f27e6;00acd9e9-b26a-4626-949e-112ecd2f27e6;20160806_00acd9e9-b26a-4626-949e-112ecd2f27e6.zip;3;CYMBALTA (DULOXETINE HYDROCHLORIDE) CAPSULE, DELAYED RELEASE [CARILION MATERIALS MANAGEMENT]
00acfc04-3ad0-487e-87dd-e6e632c05b45;00acfc04-3ad0-487e-87dd-e6e632c05b45;20150226_00acfc04-3ad0-487e-87dd-e6e632c05b45.zip;4;BENZONATATE CAPSULE [BLENHEIM PHARMACAL, INC.]
00add4a1-377c-4971-8924-65bb1aa25f2a;00add4a1-377c-4971-8924-65bb1aa25f2a;20120817_00add4a1-377c-4971-8924-65bb1aa25f2a.zip;1;SULFAMETHOXAZOLE AND TRIMETHOPRIM TABLET [STAT RX USA LLC]
00b5de12-6ee7-400f-92da-dcdc17249328;00b5de12-6ee7-400f-92da-dcdc17249328;20140331_00b5de12-6ee7-400f-92da-dcdc17249328.zip;1;ALENDRONATE SODIUM TABLET [AIDAREX PHARMACEUTICALS LLC]
00b6912b-d195-4d7d-8333-e9b0fa20fcc1;00b6912b-d195-4d7d-8333-e9b0fa20fcc1;20131231_00b6912b-d195-4d7d-8333-e9b0fa20fcc1.zip;1;ATORVASTATIN CALCIUM TABLET, FILM COATED [AIDAREX PHARMACEUTICALS LLC]
00b9e312-921e-41e6-ad27-0a6ce87f8298;00b9e312-921e-41e6-ad27-0a6ce87f8298;20190215_00b9e312-921e-41e6-ad27-0a6ce87f8298.zip;1;GLIMEPIRIDE TABLET [APHENA PHARMA SOLUTIONS - TENNESSEE, LLC]
00ba2e31-f50d-9d8a-f110-1bae22bfa3d8;00ba2e31-f50d-9d8a-f110-1bae22bfa3d8;20181104_00ba2e31-f50d-9d8a-f110-1bae22bfa3d8.zip;3;ACCLEAN PLUS (SODIUM FLOURIDE) GEL, DENTIFRICE [HENRY SCHEIN, INC.]
00ba5395-1455-4ea9-9278-e3749979526c;00ba5395-1455-4ea9-9278-e3749979526c;20200122_00ba5395-1455-4ea9-9278-e3749979526c.zip;3;TRIMETHOBENZAMIDE HYDROCHLORIDE CAPSULE [BRYANT RANCH PREPACK]
00bdb48f-8b8f-4cc5-bb63-77213f2279cb;00bdb48f-8b8f-4cc5-bb63-77213f2279cb;20101201_00bdb48f-8b8f-4cc5-bb63-77213f2279cb.zip;1;RAMIPRIL CAPSULE [REBEL DISTRIBUTORS CORP]
00bf1ab3-dd22-439d-85fb-966dbb76c900;00bf1ab3-dd22-439d-85fb-966dbb76c900;20140708_00bf1ab3-dd22-439d-85fb-966dbb76c900.zip;2;MINOCYCLINE HYDROCHLORIDE CAPSULE [CARILION MATERIALS MANAGEMENT]
00d1562d-b4eb-4d89-95de-0aacee7a82a5;00d1562d-b4eb-4d89-95de-0aacee7a82a5;20200731_00d1562d-b4eb-4d89-95de-0aacee7a82a5.zip;1;CLONIDINE HYDROCHLORIDE TABLET [APHENA PHARMA SOLUTIONS - TENNESSEE, LLC]
00d8b2a1-064b-4b33-a1ca-cbf1b0aa294f;00d8b2a1-064b-4b33-a1ca-cbf1b0aa294f;20190712_00d8b2a1-064b-4b33-a1ca-cbf1b0aa294f.zip;3;DIGOXIN TABLET [CLINICAL SOLUTIONS WHOLESALE, LLC]
00e3b33f-2ee1-4cb4-8082-3d119754dbe3;00e3b33f-2ee1-4cb4-8082-3d119754dbe3;20120905_00e3b33f-2ee1-4cb4-8082-3d119754dbe3.zip;4;AZATHIOPRINE TABLET [PHYSICIANS TOTAL CARE, INC.]
00e934bb-c15b-490a-a852-839689a1231a;00e934bb-c15b-490a-a852-839689a1231a;20170901_00e934bb-c15b-490a-a852-839689a1231a.zip;5;FINASTERIDE TABLET, FILM COATED [CAMBER PHARMACEUTICALS, INC.]
00ea3641-18da-4a6f-a779-e16075464d2b;00ea3641-18da-4a6f-a779-e16075464d2b;20200218_00ea3641-18da-4a6f-a779-e16075464d2b.zip;3;DOXYCYCLINE CAPSULE [PROFICIENT RX LP]
00ecf076-d840-bee7-38d1-48bae1066bff;00ecf076-d840-bee7-38d1-48bae1066bff;20190515_00ecf076-d840-bee7-38d1-48bae1066bff.zip;3;CITRANATAL HARMONY 2.1 (CALCIUM CITRATE, IRON PENTACARBONYL, CHOLECALCIFEROL, .ALPHA.-TOCOPHEROL, DL-, PYRIDOXINE HYDROCHLORIDE, FOLIC ACID, DOCUSATE SODIUM, AND DOCONEXENT) CAPSULE, GELATIN COATED [MISSION PHARMACAL COMPANY]
00eea4aa-f08e-419a-827a-56e40e93f05f;00eea4aa-f08e-419a-827a-56e40e93f05f;20130926_00eea4aa-f08e-419a-827a-56e40e93f05f.zip;2;SYNTHROID (LEVOTHYROXINE SODIUM) TABLET [DISPENSING SOLUTIONS, INC.]
00eff641-4b66-4bfc-9310-5a76c257e007;00eff641-4b66-4bfc-9310-5a76c257e007;20110802_00eff641-4b66-4bfc-9310-5a76c257e007.zip;3;HYDROCODONE BITARTRATE AND ACETAMINOPHEN TABLET [REDPHARM DRUG INC.]
00f1d83e-93cc-4bbe-9c3b-c488062271ab;00f1d83e-93cc-4bbe-9c3b-c488062271ab;20110314_00f1d83e-93cc-4bbe-9c3b-c488062271ab.zip;2;FOCALINXR (DEXMETHYLPHENIDATE HYDROCHLORIDE) CAPSULE, EXTENDED RELEASE [PHYSICIANS TOTAL CARE, INC.]
00f62dd1-dad2-4892-8a5d-21e5e54509ce;00f62dd1-dad2-4892-8a5d-21e5e54509ce;20100429_00f62dd1-dad2-4892-8a5d-21e5e54509ce.zip;3;BETIMOL (TIMOLOL) SOLUTION [VISTAKON PHARMACEUTICALS LLC]
00f7425a-6236-47ff-a087-f28f8cdb1aec;00f7425a-6236-47ff-a087-f28f8cdb1aec;20170419_00f7425a-6236-47ff-a087-f28f8cdb1aec.zip;7;SITAVIG (ACYCLOVIR) TABLET, DELAYED RELEASE [CIPHER PHARMACEUTICALS US LLC]
0100f9fd-5d4a-4ee6-9c7f-0b60e69e78b8;0100f9fd-5d4a-4ee6-9c7f-0b60e69e78b8;20120308_0100f9fd-5d4a-4ee6-9c7f-0b60e69e78b8.zip;1;ATOVAQUONE AND PROGUANIL HYDROCHLORIDE TABLET [REBEL DISTRIBUTORS CORP]
0107d19a-b43a-4a36-8b8c-4dfc247630e9;0107d19a-b43a-4a36-8b8c-4dfc247630e9;20191003_0107d19a-b43a-4a36-8b8c-4dfc247630e9.zip;6;TRANDOLAPRIL TABLET [RISING HEALTH, LLC]
01143c04-f5d7-481d-95bb-d384f2413585;01143c04-f5d7-481d-95bb-d384f2413585;20100729_01143c04-f5d7-481d-95bb-d384f2413585.zip;1;EVISTA (RALOXIFENE HYDROCHLORIDE) TABLET [PHYSICIANS TOTAL CARE, INC.]
0115de44-8e34-44f7-a31f-902de0b98088;0115de44-8e34-44f7-a31f-902de0b98088;20120601_0115de44-8e34-44f7-a31f-902de0b98088.zip;2;METFORMIN HYDROCHLORIDE TABLET, EXTENDED RELEASE [INVENTIA HEALTHCARE PRIVATE LIMITED]
01174c59-da71-4470-badc-bbd76cb2b8db;01174c59-da71-4470-badc-bbd76cb2b8db;20141110_01174c59-da71-4470-badc-bbd76cb2b8db.zip;2;STERILE WATER (WATER) INJECTION, SOLUTION [TYA PHARMACEUTICALS]
011ee828-5c2a-49b9-bf8e-07f5eb5fc635;011ee828-5c2a-49b9-bf8e-07f5eb5fc635;20140805_011ee828-5c2a-49b9-bf8e-07f5eb5fc635.zip;7;METOPROLOL TARTRATE TABLET, FILM COATED METOPROLOL TARTRATE (METOPROLOL TARTRATE) TABLET, FILM COATED [RANBAXY PHARMACEUTICALS INC.]
011eedbd-efb1-4d4e-99f0-b6bca81fb5ad;011eedbd-efb1-4d4e-99f0-b6bca81fb5ad;20120529_011eedbd-efb1-4d4e-99f0-b6bca81fb5ad.zip;3;TOPIRAMATE TABLET, FILM COATED [PHYSICIANS TOTAL CARE, INC]
0121363e-dcd9-4c24-940b-ea890ab762e7;0121363e-dcd9-4c24-940b-ea890ab762e7;20101207_0121363e-dcd9-4c24-940b-ea890ab762e7.zip;2037;STRATTERA (ATOMOXETINE) CAPSULE [LAKE ERIE MEDICAL DBA QUALITY CARE PRODUCTS LLC]
0121a1ee-7e43-48ed-9437-36464f9c27dd;0121a1ee-7e43-48ed-9437-36464f9c27dd;20120705_0121a1ee-7e43-48ed-9437-36464f9c27dd.zip;2;OXYGEN GAS [B&J WELDING SUPPLY LTD]
0131d303-52c4-4ea7-a560-b529bb2c1616;0131d303-52c4-4ea7-a560-b529bb2c1616;20110121_0131d303-52c4-4ea7-a560-b529bb2c1616.zip;1;NIZATIDINE CAPSULE [REBEL DISTRIBUTORS CORP]
013433a1-c27c-4712-a03b-0949b2969fbb;013433a1-c27c-4712-a03b-0949b2969fbb;20110607_013433a1-c27c-4712-a03b-0949b2969fbb.zip;1;NITROFURANTOIN MACROCRYSTALS CAPSULE [BLENHEIM PHARMACAL, INC.]
0138a156-859a-48a3-bf5a-e2db0cc7f2f9;0138a156-859a-48a3-bf5a-e2db0cc7f2f9;20100716_0138a156-859a-48a3-bf5a-e2db0cc7f2f9.zip;1;BACTRIM DS (SULFAMETHOXAZOLE AND TRIMETHOPRIM) TABLET [PHYSICIANS TOTAL CARE, INC.]
013f400f-3795-41e7-b543-073c73f10675;013f400f-3795-41e7-b543-073c73f10675;20100719_013f400f-3795-41e7-b543-073c73f10675.zip;1;NITROGEN GAS [GT INDUSTRIES INC]
01437cf0-38a9-4979-b4e3-4d427ae8e45e;01437cf0-38a9-4979-b4e3-4d427ae8e45e;20190109_01437cf0-38a9-4979-b4e3-4d427ae8e45e.zip;1;METFORMIN HYDROCHLORIDE TABLET, COATED [APHENA PHARMA SOLUTIONS - TENNESSEE, LLC]
01484f7c-24c9-4c0a-8ae5-c483cb7e6aaa;01484f7c-24c9-4c0a-8ae5-c483cb7e6aaa;20110706_01484f7c-24c9-4c0a-8ae5-c483cb7e6aaa.zip;2;AMOXICILLIN TABLET, COATED [REDPHARM DRUG INC.]
015a259c-a0cb-4440-b8f2-0a31aa76fb88;015a259c-a0cb-4440-b8f2-0a31aa76fb88;20200218_015a259c-a0cb-4440-b8f2-0a31aa76fb88.zip;1;MOMETASONE FUROATE CREAM [RPK PHARMACEUTICALS, INC.]
015be552-0a54-4992-a230-e0535f5348c8;015be552-0a54-4992-a230-e0535f5348c8;20200730_015be552-0a54-4992-a230-e0535f5348c8.zip;1;GEN7T PLUS (LIDOCAINE, MENTHOL) PATCH [BEIJING HKKY MEDICAL TECH. CO., LTD.]
016b4aa0-ec8f-4bbc-aa07-58e3da801c3b;016b4aa0-ec8f-4bbc-aa07-58e3da801c3b;20111019_016b4aa0-ec8f-4bbc-aa07-58e3da801c3b.zip;1;PROCHLORPERAZINE EDISYLATE INJECTION [PHYSICIANS TOTAL CARE, INC.]
016d43b5-20a0-4861-96f8-6537f2c2f763;016d43b5-20a0-4861-96f8-6537f2c2f763;20190921_016d43b5-20a0-4861-96f8-6537f2c2f763.zip;2;BUSPIRONE HYDROCHLORIDE TABLET [UNIT DOSE SERVICES]
01735685-40e0-4323-af5a-91db399f6451;01735685-40e0-4323-af5a-91db399f6451;20120404_01735685-40e0-4323-af5a-91db399f6451.zip;3;LABETALOL HYDROCHLORIDE TABLET, FILM COATED [PHYSICIANS TOTAL CARE, INC.]
01765e76-e656-4539-8112-8b7709597c79;01765e76-e656-4539-8112-8b7709597c79;20110707_01765e76-e656-4539-8112-8b7709597c79.zip;1;TILIA FE (NORETHINDRONE ACETATE AND ETHINYL ESTRADIOL) KIT [PHYSICIANS TOTAL CARE, INC.]
01777cce-37ea-499c-ab13-82041a37ccfc;01777cce-37ea-499c-ab13-82041a37ccfc;20181103_01777cce-37ea-499c-ab13-82041a37ccfc.zip;5;NYSTATIN OINTMENT [E. FOUGERA & CO. A DIVISION OF FOUGERA PHARMACEUTICALS INC.]
017f7717-e160-4142-9a5a-1a2bd9776707;017f7717-e160-4142-9a5a-1a2bd9776707;20150807_017f7717-e160-4142-9a5a-1a2bd9776707.zip;2;NORTRIPTYLINE HYDROCHLORIDE CAPSULE [DIRECT RX]
0184de92-e728-4390-95f6-a463f583416a;0184de92-e728-4390-95f6-a463f583416a;20111220_0184de92-e728-4390-95f6-a463f583416a.zip;3;HYDROCODONE BITARTRATE AND HOMATROPINE METHYLBROMIDE SYRUP [PHYSICIANS TOTAL CARE, INC.]
01859e07-1262-4cc6-b7ed-5a273cbf0c36;01859e07-1262-4cc6-b7ed-5a273cbf0c36;20110815_01859e07-1262-4cc6-b7ed-5a273cbf0c36.zip;2;RISPERDAL (RISPERIDONE) TABLET [REBEL DISTRIBUTORS CORP]
018c94b5-8379-4b08-a18c-fad9c0219c0b;018c94b5-8379-4b08-a18c-fad9c0219c0b;20100809_018c94b5-8379-4b08-a18c-fad9c0219c0b.zip;1;ERYTHROMYCIN SOLUTION [PHYSICIANS TOTAL CARE, INC.]
01935b03-ce4a-4bb9-a7be-954db4d5fec2;01935b03-ce4a-4bb9-a7be-954db4d5fec2;20200121_01935b03-ce4a-4bb9-a7be-954db4d5fec2.zip;3;AMIODARONE HYDROCHLORIDE TABLET [A-S MEDICATION SOLUTIONS]
0193faa4-9b02-4ccd-9751-de6124cc8c68;0193faa4-9b02-4ccd-9751-de6124cc8c68;20130228_0193faa4-9b02-4ccd-9751-de6124cc8c68.zip;1;LETROZOLE TABLET, FILM COATED [REBEL DISTRIBUTORS CORP]
01a172e0-d590-4701-8d88-cf012760e4aa;01a172e0-d590-4701-8d88-cf012760e4aa;20130510_01a172e0-d590-4701-8d88-cf012760e4aa.zip;3;SERTRALINE HYDROCHLORIDE TABLET, FILM COATED [MED-HEALTH PHARMA, LLC]
01a8bfdf-0fac-4e86-a299-daf64a2e885e;01a8bfdf-0fac-4e86-a299-daf64a2e885e;20101019_01a8bfdf-0fac-4e86-a299-daf64a2e885e.zip;1;ANGELIQ (DROSPIRENONE AND ESTRADIOL) TABLET, FILM COATED [PHYSICIANS TOTAL CARE, INC.]
01a908f1-fe8b-4bf1-bf0d-ce17040d0c4c;01a908f1-fe8b-4bf1-bf0d-ce17040d0c4c;20140103_01a908f1-fe8b-4bf1-bf0d-ce17040d0c4c.zip;3;ATORVASTATIN CALCIUM TABLET, FILM COATED [NEW HORIZON RX GROUP, LLC]
01aafb0d-6cf4-406d-baad-560a6c91b33f;01aafb0d-6cf4-406d-baad-560a6c91b33f;20200402_01aafb0d-6cf4-406d-baad-560a6c91b33f.zip;7;GABAPENTIN TABLET, FILM COATED [DIRECT RX]
01ad7942-99c3-40ee-9cfb-272fb6c44e2b;01ad7942-99c3-40ee-9cfb-272fb6c44e2b;20180904_01ad7942-99c3-40ee-9cfb-272fb6c44e2b.zip;2;ESMOLOL HYDROCHLORIDE IN SODIUM CHLORIDE INJECTION [MYLAN INSTITUTIONAL LLC]
01b1ad34-bee2-461e-b5f5-0b0cf90dfe0b;01b1ad34-bee2-461e-b5f5-0b0cf90dfe0b;20200806_01b1ad34-bee2-461e-b5f5-0b0cf90dfe0b.zip;1;METFORMIN HYDROCHLORIDE TABLET, EXTENDED RELEASE [NOSTRUM LABORATORIES INC.]
01b30abb-db63-4257-9fe2-9107bb0bd69c;01b30abb-db63-4257-9fe2-9107bb0bd69c;20191115_01b30abb-db63-4257-9fe2-9107bb0bd69c.zip;3;AMOXICILLIN AND CLAVULANATE POTASSIUM TABLET, FILM COATED [PROFICIENT RX LP]
01b3a05f-6002-4cf9-96ac-ff0eed8a196c;01b3a05f-6002-4cf9-96ac-ff0eed8a196c;20120420_01b3a05f-6002-4cf9-96ac-ff0eed8a196c.zip;2;PROMETHAZINE HYDROCHLORIDE TABLET [H.J. HARKINS COMPANY, INC.]
01b44f91-9b68-464a-9693-b5d3e793bf3c;01b44f91-9b68-464a-9693-b5d3e793bf3c;20200625_01b44f91-9b68-464a-9693-b5d3e793bf3c.zip;7;NYAMYC (NYSTATIN) POWDER [UPSHER-SMITH LABORATORIES, LLC]
01bf8c52-7f60-4fa5-8257-847bc0d910a4;01bf8c52-7f60-4fa5-8257-847bc0d910a4;20170205_01bf8c52-7f60-4fa5-8257-847bc0d910a4.zip;2;CAPECITABINE TABLET, FILM COATED [RISING PHARMACEUTICALS, INC.]
01c035ee-6bed-431d-9324-e0e0bc507eae;01c035ee-6bed-431d-9324-e0e0bc507eae;20150107_01c035ee-6bed-431d-9324-e0e0bc507eae.zip;1;DIVALPROEX SODIUM EXTENDED-RELEASE (DIVALPROEX SODIUM) TABLET, EXTENDED RELEASE [STATE OF FLORIDA DOH CENTRAL PHARMACY]
01c469b3-ec10-452c-8c02-3e7d22e40297;01c469b3-ec10-452c-8c02-3e7d22e40297;20190710_01c469b3-ec10-452c-8c02-3e7d22e40297.zip;4;NYSTATIN SUSPENSION [TARO PHARMACEUTICALS U.S.A., INC.]
01c5574c-1056-49c6-af20-e950db3f4139;01c5574c-1056-49c6-af20-e950db3f4139;20101126_01c5574c-1056-49c6-af20-e950db3f4139.zip;1;CRIXIVAN (INDINAVIR SULFATE) CAPSULE [REBEL DISTRIBUTORS CORP]
01c74610-b705-4485-945b-e935090b6e68;01c74610-b705-4485-945b-e935090b6e68;20200122_01c74610-b705-4485-945b-e935090b6e68.zip;3;RAMIPRIL CAPSULE [DIRECTRX]
01cca91e-0374-4b89-a25a-be05e8b64346;01cca91e-0374-4b89-a25a-be05e8b64346;20141205_01cca91e-0374-4b89-a25a-be05e8b64346.zip;3;CAPTOPRIL TABLET CAPTOPRIL (CAPTORPIL) TABLET [WOCKHARDT LIMITED]
01d29de1-d6e7-4e99-ba77-83c26caba597;01d29de1-d6e7-4e99-ba77-83c26caba597;20170724_01d29de1-d6e7-4e99-ba77-83c26caba597.zip;4;POTASSIUM CHLORIDE CAPSULE, EXTENDED RELEASE [CARILION MATERIALS MANAGEMENT]
01d6c49d-f831-44dc-bd59-dc93ebdeee2f;01d6c49d-f831-44dc-bd59-dc93ebdeee2f;20141110_01d6c49d-f831-44dc-bd59-dc93ebdeee2f.zip;4;VENLAFAXINE HYDROCHLORIDE CAPSULE, EXTENDED RELEASE [TYA PHARMACEUTICALS]
01da3604-e28b-404e-8d14-ab3b9f8d03e3;01da3604-e28b-404e-8d14-ab3b9f8d03e3;20100817_01da3604-e28b-404e-8d14-ab3b9f8d03e3.zip;1;PROMETHAZINE HYDROCHLORIDE INJECTION [PHYSICIANS TOTAL CARE, INC.]
01e58ae0-cdcf-4c1f-bfb9-9d0fc3ebd002;01e58ae0-cdcf-4c1f-bfb9-9d0fc3ebd002;20101203_01e58ae0-cdcf-4c1f-bfb9-9d0fc3ebd002.zip;1;NEOMYCIN POLYMYXIN B SULFATES AND DEXAMETHASONE (NEOMYCIN SULFATE, POLYMYXIN B SULFATE AND DEXAMETHASONE) SUSPENSION/ DROPS [MWI/VETONE]
01e79d8f-8c74-4f48-b761-9f225fabf93d;01e79d8f-8c74-4f48-b761-9f225fabf93d;20200109_01e79d8f-8c74-4f48-b761-9f225fabf93d.zip;5;PENICILLAMINE CAPSULE [PAR PHARMACEUTICAL, INC.]
01e92b73-8271-4028-8a74-c236e3b55db8;01e92b73-8271-4028-8a74-c236e3b55db8;20141202_01e92b73-8271-4028-8a74-c236e3b55db8.zip;2;DICLOFENAC SODIUM TABLET, FILM COATED, EXTENDED RELEASE [RXCHANGE CO.]
01ec50a1-6c6c-46f0-8c74-73542b0a59c3;01ec50a1-6c6c-46f0-8c74-73542b0a59c3;20191227_01ec50a1-6c6c-46f0-8c74-73542b0a59c3.zip;3;ENTECAVIR TABLET [CAMBER PHARMACEUTICALS, INC.]
01f81c43-a4f5-44a2-b8ba-1828a829208c;01f81c43-a4f5-44a2-b8ba-1828a829208c;20110126_01f81c43-a4f5-44a2-b8ba-1828a829208c.zip;1;OXYGEN GAS [APPLE HOMECARE ASSOCIATES, INC.]
01f9fb69-2438-481c-b5ec-adebe7825253;01f9fb69-2438-481c-b5ec-adebe7825253;20170410_01f9fb69-2438-481c-b5ec-adebe7825253.zip;1;TIKOSYN (DOFETILIDE) CAPSULE [AVERA MCKENNAN HOSPITAL]
0209bb1e-b8fa-4fa9-a533-4dda028bd369;0209bb1e-b8fa-4fa9-a533-4dda028bd369;20110517_0209bb1e-b8fa-4fa9-a533-4dda028bd369.zip;1;LORAZEPAM TABLET [CONTRACT PHARMACY SERVICES-PA]
020b7dd4-c270-4046-97f2-c646ce067168;020b7dd4-c270-4046-97f2-c646ce067168;20130911_020b7dd4-c270-4046-97f2-c646ce067168.zip;1;MECLIZINE HYDROCHLORIDE TABLET [LIBERTY PHARMACEUTICALS, INC.]
020d34eb-9560-4218-9d87-dfdeff705c3a;020d34eb-9560-4218-9d87-dfdeff705c3a;20100817_020d34eb-9560-4218-9d87-dfdeff705c3a.zip;1;BICALUTAMIDE TABLET, FILM COATED [PHYSICIANS TOTAL CARE, INC.]
021370d8-a61c-4510-b717-40dadcf9a4dc;021370d8-a61c-4510-b717-40dadcf9a4dc;20120816_021370d8-a61c-4510-b717-40dadcf9a4dc.zip;1;PRAZOSIN HYDROCHLORIDE CAPSULE [APHENA PHARMA SOLUTIONS - TENNESSEE, INC.]
0213903b-9662-465e-a668-f228cedf5e9e;0213903b-9662-465e-a668-f228cedf5e9e;20121011_0213903b-9662-465e-a668-f228cedf5e9e.zip;2;LEVOTHYROXINE SODIUM TABLET [STAT RX USA LLC]
02192109-08e9-428a-bc5e-c606c2870b0d;02192109-08e9-428a-bc5e-c606c2870b0d;20200522_02192109-08e9-428a-bc5e-c606c2870b0d.zip;4;LINEZOLID TABLET [CELLTRION USA, INC.]
02202313-75fa-43e7-b647-4b6f68780f86;02202313-75fa-43e7-b647-4b6f68780f86;20150429_02202313-75fa-43e7-b647-4b6f68780f86.zip;1000;ZYRTEC (CETIRIZINE HYDROCHLORIDE) TABLET, FILM COATED [BRYANT RANCH PREPACK]
02209439-fe92-42de-81e3-51a8288debc0;02209439-fe92-42de-81e3-51a8288debc0;20131204_02209439-fe92-42de-81e3-51a8288debc0.zip;1;AMLODIPINE BESYLATE AND BENAZEPRIL HYDROCHLORIDE CAPSULE [AIDAREX PHARMACEUTICALS LLC]
0224e5b3-3c49-4e6e-aa78-1abcc6969246;0224e5b3-3c49-4e6e-aa78-1abcc6969246;20191227_0224e5b3-3c49-4e6e-aa78-1abcc6969246.zip;5;POTASSIUM CHLORIDE TABLET, EXTENDED RELEASE [STRIDES PHARMA SCIENCE LIMITED]
02283de9-6087-45f7-a9ce-3b082ce860de;02283de9-6087-45f7-a9ce-3b082ce860de;20190322_02283de9-6087-45f7-a9ce-3b082ce860de.zip;3;FLUOXETINE (FLUOXETINE HYDROCHLORIDE) CAPSULE [BRYANT RANCH PREPACK]
0230000a-7549-4547-bd73-4dd57fae9c6b;0230000a-7549-4547-bd73-4dd57fae9c6b;20200714_0230000a-7549-4547-bd73-4dd57fae9c6b.zip;4;CIPROFLOXACIN SOLUTION [A-S MEDICATION SOLUTIONS]
0233de1c-466b-4842-8604-6d879aa36a4b;0233de1c-466b-4842-8604-6d879aa36a4b;20191121_0233de1c-466b-4842-8604-6d879aa36a4b.zip;5;OXYCODONE AND ACETAMINOPHEN TABLET [PROFICIENT RX LP]
02352ed1-3568-441f-add8-45201351a11c;02352ed1-3568-441f-add8-45201351a11c;20170421_02352ed1-3568-441f-add8-45201351a11c.zip;2;FLUOCINOLONE ACETONIDE SOLUTION [TARO PHARMACEUTICALS U.S.A., INC.]
0236cc2e-43ca-4ee4-8684-62e4c75053af;0236cc2e-43ca-4ee4-8684-62e4c75053af;20181025_0236cc2e-43ca-4ee4-8684-62e4c75053af.zip;1;TIZANIDINE TABLET [APHENA PHARMA SOLUTIONS - TENNESSEE, LLC]
024003d4-eb1f-4537-92f8-555cf1f354dc;024003d4-eb1f-4537-92f8-555cf1f354dc;20140516_024003d4-eb1f-4537-92f8-555cf1f354dc.zip;1;PROPRANOLOL HYROCHLORIDE (PROPRANOLOL HYDROCHLORIDE) TABLET [NORTHWIND PHARMACEUTICALS]
02478358-f606-4e58-a6eb-fa54bb77b912;02478358-f606-4e58-a6eb-fa54bb77b912;20191120_02478358-f606-4e58-a6eb-fa54bb77b912.zip;2;DIETHYLPROPION HYDROCHLORIDE ER (DIETHYLPROPION HYDROCHLORIDE) TABLET, EXTENDED RELEASE [CALVIN, SCOTT AND COMPANY, INCORPORATED]
02500709-7f2c-4251-bd8c-94ab6cdadd4c;02500709-7f2c-4251-bd8c-94ab6cdadd4c;20100924_02500709-7f2c-4251-bd8c-94ab6cdadd4c.zip;1;BUPROPION HYDROCHLORIDE TABLET, FILM COATED, EXTENDED RELEASE [STAT RX USA LLC]
025876b6-f031-43ea-967a-b1d95b4685a6;025876b6-f031-43ea-967a-b1d95b4685a6;20120228_025876b6-f031-43ea-967a-b1d95b4685a6.zip;2;REYATAZ (ATAZANAVIR SULFATE) CAPSULE, GELATIN COATED [PHYSICIANS TOTAL CARE, INC.]
02628a0c-bfdb-4a58-8e48-bcd8ca12d53b;02628a0c-bfdb-4a58-8e48-bcd8ca12d53b;20190426_02628a0c-bfdb-4a58-8e48-bcd8ca12d53b.zip;1;BUSPIRONE HYDROCHLORIDE TABLET [EPIC PHARMA, LLC]
026d3185-aa37-42f8-95a0-7243e0947b7a;026d3185-aa37-42f8-95a0-7243e0947b7a;20091217_026d3185-aa37-42f8-95a0-7243e0947b7a.zip;3;STERILE DILUENT FOR ALLERGENIC EXTRACT (GLYCERINE AND PHENOL) INJECTION, SOLUTION STERILE DILUENT FOR ALLERGENIC EXTRACT (PHENOL) INJECTION, SOLUTION STERILE DILUENT FOR ALLERGENIC EXTRACT (HUMAN ALBUMIN AND PHENOL) INJECTION, SOLUTION STERILE DILUENT FOR
026f2f1e-71cf-47ab-a24d-66663ff98429;026f2f1e-71cf-47ab-a24d-66663ff98429;20091218_026f2f1e-71cf-47ab-a24d-66663ff98429.zip;1;CARP INJECTION, SOLUTION CLAM INJECTION, SOLUTION CODFISH INJECTION, SOLUTION CRAB INJECTION, SOLUTION FLOUNDER INJECTION, SOLUTION HADDOCK INJECTION, SOLUTION HALIBUT INJECTION, SOLUTION HERRING INJECTION, SOLUTION LOBSTER INJECTION, SOLUTION MACKEREL IN
0270be63-492a-4204-b04e-12e41d7d909a;0270be63-492a-4204-b04e-12e41d7d909a;20191029_0270be63-492a-4204-b04e-12e41d7d909a.zip;9;ADAPALENE AND BENZOYL PEROXIDE GEL [SANDOZ INC.]
0272727f-5c9d-4551-b1c6-28e367e5cdb9;0272727f-5c9d-4551-b1c6-28e367e5cdb9;20171209_0272727f-5c9d-4551-b1c6-28e367e5cdb9.zip;3;FLUOXETINE HYDROCHLORIDE CAPSULE [APHENA PHARMA SOLUTIONS - TENNESSEE, INC.]
02727941-c5ea-4f85-beb4-2a00eec73dd0;02727941-c5ea-4f85-beb4-2a00eec73dd0;20171211_02727941-c5ea-4f85-beb4-2a00eec73dd0.zip;5;LEVETIRACETAM EXTENDED-RELEASE (LEVETIRACETAM) TABLET, EXTENDED RELEASE [INTELLIPHARMACEUTICS CORP.]
0277cc0a-2fd4-4605-a310-b613be84ee26;0277cc0a-2fd4-4605-a310-b613be84ee26;20200416_0277cc0a-2fd4-4605-a310-b613be84ee26.zip;14;DEXAMETHASONE SODIUM PHOSPHATE INJECTION [HIKMA PHARMACEUTICALS USA INC.]
02786c40-5745-4bd9-b429-53948e9ce262;02786c40-5745-4bd9-b429-53948e9ce262;20140904_02786c40-5745-4bd9-b429-53948e9ce262.zip;1;LEVOTHYROXINE SODIUM TABLET [NORTHWIND PHARMACEUTICALS, LLC]
027bd594-6a0a-4e6d-bd3c-4f33fdb4166a;027bd594-6a0a-4e6d-bd3c-4f33fdb4166a;20200403_027bd594-6a0a-4e6d-bd3c-4f33fdb4166a.zip;1;LOVASTATIN TABLET [PROFICIENT RX LP]
027c59ed-3441-44ad-a42a-2f8efec052af;027c59ed-3441-44ad-a42a-2f8efec052af;20140723_027c59ed-3441-44ad-a42a-2f8efec052af.zip;1;NAPROXEN SODIUM TABLET [NORTHWIND PHARMACEUTICALS, LLC]
027c7db2-2a36-477f-90bf-608ff3a0e14e;027c7db2-2a36-477f-90bf-608ff3a0e14e;20110913_027c7db2-2a36-477f-90bf-608ff3a0e14e.zip;1;PAXILCR (PAROXETINE HYDROCHLORIDE) TABLET, FILM COATED, EXTENDED RELEASE [PHYSICIANS TOTAL CARE, INC.]
027d77a3-6d62-498b-8901-86f1f73362d5;027d77a3-6d62-498b-8901-86f1f73362d5;20160701_027d77a3-6d62-498b-8901-86f1f73362d5.zip;3;PHENTERMINE HYDROCHLORIDE TABLET [APOTHECA INC.]
027f1a06-d920-4876-9343-6271bd566abc;027f1a06-d920-4876-9343-6271bd566abc;20140902_027f1a06-d920-4876-9343-6271bd566abc.zip;2;ALPRAZOLAM TABLET [TYA PHARMACEUTICALS]
02806e6f-8746-4740-9327-ba58d320bff1;02806e6f-8746-4740-9327-ba58d320bff1;20180929_02806e6f-8746-4740-9327-ba58d320bff1.zip;2;CEPHALEXIN CAPSULE [UNIT DOSE SERVICES]
02850d0f-ded5-4d27-a377-17bbaa3e70a6;02850d0f-ded5-4d27-a377-17bbaa3e70a6;20111013_02850d0f-ded5-4d27-a377-17bbaa3e70a6.zip;1;IBUPROFEN TABLET [DISPENSING SOLUTIONS, INC.]
028e6f14-34f2-49f4-99a5-83c457d4e96f;028e6f14-34f2-49f4-99a5-83c457d4e96f;20141107_028e6f14-34f2-49f4-99a5-83c457d4e96f.zip;1;LEUKOTRAP (BLOOD COLLECTION SYSTEM) KIT [HAEMONETICS MANUFACTURING INC]
029d82ed-a6ce-4a2e-9f15-fbb78afdbf58;029d82ed-a6ce-4a2e-9f15-fbb78afdbf58;20140107_029d82ed-a6ce-4a2e-9f15-fbb78afdbf58.zip;1;FLUCONAZOLE TABLET [AIDAREX PHARMACEUTICALS LLC]
029f39ed-ec6f-4fdc-bc0d-abfb6784cc91;029f39ed-ec6f-4fdc-bc0d-abfb6784cc91;20110121_029f39ed-ec6f-4fdc-bc0d-abfb6784cc91.zip;1;HYDROCODONE BITARTRATE AND ACETAMINOPHEN TABLET [REBEL DISTRIBUTORS CORP]
029fda33-9df4-465d-8f43-40c61b26bb76;029fda33-9df4-465d-8f43-40c61b26bb76;20140708_029fda33-9df4-465d-8f43-40c61b26bb76.zip;2;THIOTHIXENE CAPSULE [CARILION MATERIALS MANAGEMENT]
02a34403-3cb9-4de7-8c40-9da281a8e5e1;02a34403-3cb9-4de7-8c40-9da281a8e5e1;20140707_02a34403-3cb9-4de7-8c40-9da281a8e5e1.zip;2;QUINIDINE SULFATE TABLET [CARILION MATERIALS MANAGEMENT]
02aee05a-2e3b-4a2f-85e7-8cbadd667a85;02aee05a-2e3b-4a2f-85e7-8cbadd667a85;20150806_02aee05a-2e3b-4a2f-85e7-8cbadd667a85.zip;2;HYDROXYZINE HYDROCHLORIDE TABLET, FILM COATED [DIRECT RX]
02b16b3c-5276-4c5c-affa-9e08d99667b0;02b16b3c-5276-4c5c-affa-9e08d99667b0;20120423_02b16b3c-5276-4c5c-affa-9e08d99667b0.zip;5;NEOMYCIN AND POLYMYXIN B SULFATES AND HYDROCORTISONE (NEOMYCIN SULFATE, POLYMYXIN B SULFATE AND HYDROCORTISONE) SUSPENSION/ DROPS [H.J. HARKINS COMPANY, INC.]
02b30afa-813b-41ce-8cf3-d9686ff06c77;02b30afa-813b-41ce-8cf3-d9686ff06c77;20171113_02b30afa-813b-41ce-8cf3-d9686ff06c77.zip;12;OXYGEN GAS [AUSTIN RESPIRATORY EQUIPMENT,INC.]
02b5e3bb-c976-40a3-9077-64ffe637429f;02b5e3bb-c976-40a3-9077-64ffe637429f;20120920_02b5e3bb-c976-40a3-9077-64ffe637429f.zip;3;AMBIEN (ZOLPIDEM TARTRATE) TABLET, FILM COATED [STAT RX USA LLC]
02b6bcbb-5f16-446d-95d0-1d27a663dbad;02b6bcbb-5f16-446d-95d0-1d27a663dbad;20100825_02b6bcbb-5f16-446d-95d0-1d27a663dbad.zip;6;OXYGEN GAS [AIR CARE HOME HEALTH INC]
02b6cb80-c903-466c-9608-fcbf1cb44fc0;02b6cb80-c903-466c-9608-fcbf1cb44fc0;20150401_02b6cb80-c903-466c-9608-fcbf1cb44fc0.zip;2;CYCLOBENZAPRINE HYDROCHLORIDE TABLET [NORTHWIND PHARMACEUTICALS, LLC]
02b85cdf-afa1-47f6-992a-7b8e8eb94a09;02b85cdf-afa1-47f6-992a-7b8e8eb94a09;20130618_02b85cdf-afa1-47f6-992a-7b8e8eb94a09.zip;1;KENALOG-10 (TRIAMCINOLONE ACETONIDE) INJECTION, SUSPENSION [DISPENSING SOLUTIONS, INC.]
02b8f684-b1ca-4ab7-9567-bcacc6a92779;02b8f684-b1ca-4ab7-9567-bcacc6a92779;20200228_02b8f684-b1ca-4ab7-9567-bcacc6a92779.zip;9;PHENTERMINE HYDROCHLORIDE TABLET [SUN PHARMACEUTICAL INDUSTRIES, INC.]
02cdce82-4da9-4c34-89d9-43d542a40261;02cdce82-4da9-4c34-89d9-43d542a40261;20141020_02cdce82-4da9-4c34-89d9-43d542a40261.zip;4;LOSARTAN POTASSIUM TABLET [STATE OF FLORIDA DOH CENTRAL PHARMACY]
02d8b170-72a9-4987-91d8-d655e6aaf2cd;02d8b170-72a9-4987-91d8-d655e6aaf2cd;20151023_02d8b170-72a9-4987-91d8-d655e6aaf2cd.zip;1;LISINOPRIL TABLET [DIRECTRX]
02db3f18-2673-4f34-b891-600ecd05295a;02db3f18-2673-4f34-b891-600ecd05295a;20200218_02db3f18-2673-4f34-b891-600ecd05295a.zip;2;CARVEDILOL TABLET, FILM COATED [QUALITY CARE PRODUCTS, LLC]
02ddd5f5-76d3-4f1c-9af3-d39e05a19c29;02ddd5f5-76d3-4f1c-9af3-d39e05a19c29;20200121_02ddd5f5-76d3-4f1c-9af3-d39e05a19c29.zip;9;ONDANSETRON TABLET, ORALLY DISINTEGRATING [A-S MEDICATION SOLUTIONS]
02de3b96-7daa-4776-8e2e-c21cf282f091;02de3b96-7daa-4776-8e2e-c21cf282f091;20100107_02de3b96-7daa-4776-8e2e-c21cf282f091.zip;2;CALIFORNIA MUGWORT INJECTION, SOLUTION [NELCO LABORATORIES, INC.]
02ded46d-c8f6-4396-ad70-2ed2a74cbcfd;02ded46d-c8f6-4396-ad70-2ed2a74cbcfd;20140903_02ded46d-c8f6-4396-ad70-2ed2a74cbcfd.zip;1;HYDROCHLOROTHIAZIDE TABLET [NORTHWIND PHARMACEUTICALS, LLC]
02e96a51-1d56-460c-8c20-3d6f37e0ce46;02e96a51-1d56-460c-8c20-3d6f37e0ce46;20200613_02e96a51-1d56-460c-8c20-3d6f37e0ce46.zip;4;HYDROCHLOROTHIAZIDE TABLET [SCIEGEN PHARMACEUTICALS, INC.]
02f19c91-9d39-4843-b6a4-25d81280b067;02f19c91-9d39-4843-b6a4-25d81280b067;20190226_02f19c91-9d39-4843-b6a4-25d81280b067.zip;2;VILEVEV MB (METHENAMINE, PHENYL SALICYLATE, SODIUM PHOSPHATE, MONOBASIC, ANHYDROUS, METHYLENE BLUE ANHYDROUS, AND HYOSCYAMINE SULFATE) TABLET [VILVET PHARMACEUTICALS INC]
02f4cf0b-188c-4522-b759-ffe4a9d150e8;02f4cf0b-188c-4522-b759-ffe4a9d150e8;20200402_02f4cf0b-188c-4522-b759-ffe4a9d150e8.zip;2;SODIUM FLUORIDE 5000 PPM SENSITIVE (SODIUM FLUORIDE1.1%, POTASSIUM NITRATE 5%) GEL, DENTIFRICE [SHEFFIELD PHARMACEUTICALS LLC]
02f9696c-87d0-4f2b-a90f-d04b3ba767b1;02f9696c-87d0-4f2b-a90f-d04b3ba767b1;20131231_02f9696c-87d0-4f2b-a90f-d04b3ba767b1.zip;2;MELOXICAM TABLET [NEW HORIZON RX GROUP, LLC]
02fcc06e-2a81-404f-a7cd-313fcb0d833c;02fcc06e-2a81-404f-a7cd-313fcb0d833c;20191112_02fcc06e-2a81-404f-a7cd-313fcb0d833c.zip;2;THEOPHYLLINE (THEOPHYLLINE ANHYDROUS) SOLUTION [MARLEX PHARMACEUTICALS INC]
02ff3be7-fc5c-4b91-8c67-ecdf6e19c42a;02ff3be7-fc5c-4b91-8c67-ecdf6e19c42a;20171021_02ff3be7-fc5c-4b91-8c67-ecdf6e19c42a.zip;1;OXYBUTYNIN CHLORIDE EXTENDED RELEASE (OXYBUTYNIN CHLORIDE) TABLET, EXTENDED RELEASE [APHENA PHARMA SOLUTIONS - TENNESSEE, LLC]
02FF6501-CCCC-4F7D-9988-856D4E169B0E;02ff6501-cccc-4f7d-9988-856d4e169b0e;20060713_02FF6501-CCCC-4F7D-9988-856D4E169B0E.zip;2;HYPAQUE SODIUM (DIATRIZOATE SODIUM) INJECTION, SOLUTION [AMERSHAM HEALTH INC.]
0308ca55-2461-4500-8e35-1d26282d3679;0308ca55-2461-4500-8e35-1d26282d3679;20141014_0308ca55-2461-4500-8e35-1d26282d3679.zip;2;BACLOFEN TABLET [STATE OF FLORIDA DOH CENTRAL PHARMACY]
03093c69-2638-408f-8a9c-6c43d279e4cb;03093c69-2638-408f-8a9c-6c43d279e4cb;20190919_03093c69-2638-408f-8a9c-6c43d279e4cb.zip;4;HYOSCYAMINE SULFATE TABLET [DIRECT_RX]
030a1460-3522-43af-a75d-29c99570698f;030a1460-3522-43af-a75d-29c99570698f;20120508_030a1460-3522-43af-a75d-29c99570698f.zip;4;CLOTRIMAZOLE AND BETAMETHASONE DIPROPIONATE CREAM CLOTRIMAZOLE AND BETAMETHASONE DIPROPIONATE LOTION [PHYSICIANS TOTAL CARE, INC.]
030e656a-e384-49ac-830f-32140c18112d;030e656a-e384-49ac-830f-32140c18112d;20190108_030e656a-e384-49ac-830f-32140c18112d.zip;10;GABAPENTIN CAPSULE [EPIC PHARMA, LLC]
031f843b-9251-49c7-b2e7-be4cbd2e2295;031f843b-9251-49c7-b2e7-be4cbd2e2295;20200421_031f843b-9251-49c7-b2e7-be4cbd2e2295.zip;2;PREGABALIN CAPSULE [CELLTRION USA, INC.]
03214a63-5ec2-49c5-9847-908bdfb06df8;03214a63-5ec2-49c5-9847-908bdfb06df8;20200121_03214a63-5ec2-49c5-9847-908bdfb06df8.zip;5;DESOXIMETASONE CREAM [A-S MEDICATION SOLUTIONS]
032835ab-1c8b-418a-9009-b6ebe58676dc;032835ab-1c8b-418a-9009-b6ebe58676dc;20160304_032835ab-1c8b-418a-9009-b6ebe58676dc.zip;2;MINOXIDIL TABLET [CARILION MATERIALS MANAGEMENT]
032f26c9-1218-4af0-9605-db3b34e5bd51;032f26c9-1218-4af0-9605-db3b34e5bd51;20191128_032f26c9-1218-4af0-9605-db3b34e5bd51.zip;3;TERBINAFINE HYDROCHLORIDE TABLET [WOCKHARDT USA LLC.]
032f734e-4969-46ae-a3b6-d8dcb4ccc482;032f734e-4969-46ae-a3b6-d8dcb4ccc482;20151218_032f734e-4969-46ae-a3b6-d8dcb4ccc482.zip;1;TRUVADA (EMTRICITABINE AND TENOFOVIR DISOPROXIL FUMARATE) TABLET, FILM COATED [AVERA MCKENNAN HOSPITAL]
0332c7ca-7522-4fb5-96ea-2abe47322119;0332c7ca-7522-4fb5-96ea-2abe47322119;20120926_0332c7ca-7522-4fb5-96ea-2abe47322119.zip;4;ACETAMINOPHEN AND CODEINE PHOSPHATE TABLET [PHYSICIANS TOTAL CARE, INC.]
03367fd2-bf06-47f7-8a69-8f90a0b81734;03367fd2-bf06-47f7-8a69-8f90a0b81734;20151120_03367fd2-bf06-47f7-8a69-8f90a0b81734.zip;15;OMEPRAZOLE CAPSULE, DELAYED RELEASE [AVERA MCKENNAN HOSPITAL]
03395e21-ea63-4a4b-b1e0-418c414a35fc;03395e21-ea63-4a4b-b1e0-418c414a35fc;20191224_03395e21-ea63-4a4b-b1e0-418c414a35fc.zip;2;MIRTAZAPINE TABLET, FILM COATED [APHENA PHARMA SOLUTIONS - TENNESSEE, LLC]
033a2eb1-aba2-410b-8b9e-fafbc789ffa3;033a2eb1-aba2-410b-8b9e-fafbc789ffa3;20171108_033a2eb1-aba2-410b-8b9e-fafbc789ffa3.zip;4;TOPIRAMATE TABLET, FILM COATED [UNIT DOSE SERVICES]
033c20a9-c298-4185-a48f-0bf8a2ac918a;033c20a9-c298-4185-a48f-0bf8a2ac918a;20120120_033c20a9-c298-4185-a48f-0bf8a2ac918a.zip;2;LISINOPRIL TABLET [H.J. HARKINS COMPANY, INC.]
0348006f-b818-4465-a896-bc0d42294cf4;0348006f-b818-4465-a896-bc0d42294cf4;20190103_0348006f-b818-4465-a896-bc0d42294cf4.zip;4;CHLORHEXIDINE GLUCONATE RINSE [LYNE LABORATORIES, INC.]
034c35a5-c037-4ad8-82d1-aec4feac4c97;034c35a5-c037-4ad8-82d1-aec4feac4c97;20150508_034c35a5-c037-4ad8-82d1-aec4feac4c97.zip;3;PRANDIN (REPAGLINIDE) TABLET [PHYSICIANS TOTAL CARE, INC.]
034d279c-05e4-496e-9fc6-058dae158c60;034d279c-05e4-496e-9fc6-058dae158c60;20191105_034d279c-05e4-496e-9fc6-058dae158c60.zip;3;POTASSIUM CHLORIDE TABLET, FILM COATED, EXTENDED RELEASE [PROFICIENT RX LP]
034eb68d-6120-417e-9c6b-46f1314d0fd7;034eb68d-6120-417e-9c6b-46f1314d0fd7;20170217_034eb68d-6120-417e-9c6b-46f1314d0fd7.zip;2;HYDROCHLOROTHIAZIDE TABLET [AIDAREX PHARMACEUTICALS LLC]
03503cd5-bd8e-4bff-b90d-1a71c5225b91;03503cd5-bd8e-4bff-b90d-1a71c5225b91;20140902_03503cd5-bd8e-4bff-b90d-1a71c5225b91.zip;1;FAMOTIDINE TABLET [NORTHWIND PHARMACEUTICALS,LLC]
03517f29-f270-4350-a57a-fbe1967b0096;03517f29-f270-4350-a57a-fbe1967b0096;20191101_03517f29-f270-4350-a57a-fbe1967b0096.zip;3;QUETIAPINE FUMARATE TABLET [PROFICIENT RX LP]
0354a7f5-5917-44dc-9963-411104008cb5;0354a7f5-5917-44dc-9963-411104008cb5;20171019_0354a7f5-5917-44dc-9963-411104008cb5.zip;4;MINOXIDIL TABLET [SUN PHARMACEUTICAL INDUSTRIES, INC.]
035503ca-d962-4e63-b402-52baa74a49a5;035503ca-d962-4e63-b402-52baa74a49a5;20171117_035503ca-d962-4e63-b402-52baa74a49a5.zip;2;LISINOPRIL TABLET [APHENA PHARMA SOLUTIONS - TENNESSEE, LLC]
03609879-bad2-4e75-83fe-1e1a2fd300c3;03609879-bad2-4e75-83fe-1e1a2fd300c3;20190322_03609879-bad2-4e75-83fe-1e1a2fd300c3.zip;3;EZETIMIBE TABLET [BRYANT RANCH PREPACK]
