ids;TITLEandLABELER;TITLE;LABELER;RXCUI;STRENGTH;QUERY
00350fc0-b8db-47e5-8164-0ab539e1c642;28.5% SALICYLIC ACID (SALICYLIC ACID) SOLUTION [ELORAC, INC.];28.5% SALICYLIC ACID (SALICYLIC ACID) SOLUTION ;ELORAC, INC.;1487371;285 MG/ML;28.5% SALICYLIC ACID (SALICYLIC ACID) SOLUTION {285 MG/ML} [ELORAC, INC.]
00ba2e31-f50d-9d8a-f110-1bae22bfa3d8;ACCLEAN PLUS (SODIUM FLOURIDE) GEL, DENTIFRICE [HENRY SCHEIN, INC.];ACCLEAN PLUS (SODIUM FLOURIDE) GEL, DENTIFRICE ;HENRY SCHEIN, INC.;392038;0.011 MG/MG;ACCLEAN PLUS (SODIUM FLOURIDE) GEL, DENTIFRICE {0.011 MG/MG} [HENRY SCHEIN, INC.]
0332c7ca-7522-4fb5-96ea-2abe47322119;ACETAMINOPHEN AND CODEINE PHOSPHATE TABLET [PHYSICIANS TOTAL CARE, INC.];ACETAMINOPHEN AND CODEINE PHOSPHATE TABLET ;PHYSICIANS TOTAL CARE, INC.;993770;300 MG / 15 MG;ACETAMINOPHEN AND CODEINE PHOSPHATE TABLET {300 MG / 15 MG} [PHYSICIANS TOTAL CARE, INC.]
0332c7ca-7522-4fb5-96ea-2abe47322119;ACETAMINOPHEN AND CODEINE PHOSPHATE TABLET [PHYSICIANS TOTAL CARE, INC.];ACETAMINOPHEN AND CODEINE PHOSPHATE TABLET ;PHYSICIANS TOTAL CARE, INC.;993781;300 MG / 30 MG;ACETAMINOPHEN AND CODEINE PHOSPHATE TABLET {300 MG / 30 MG} [PHYSICIANS TOTAL CARE, INC.]
0332c7ca-7522-4fb5-96ea-2abe47322119;ACETAMINOPHEN AND CODEINE PHOSPHATE TABLET [PHYSICIANS TOTAL CARE, INC.];ACETAMINOPHEN AND CODEINE PHOSPHATE TABLET ;PHYSICIANS TOTAL CARE, INC.;993890;300 MG / 60 MG;ACETAMINOPHEN AND CODEINE PHOSPHATE TABLET {300 MG / 60 MG} [PHYSICIANS TOTAL CARE, INC.]
001dd372-2692-4d6f-a71c-95e7056349a9;ACIPHEX (RABEPRAZOLE SODIUM) TABLET, DELAYED RELEASE [CARILION MATERIALS MANAGEMENT];ACIPHEX (RABEPRAZOLE SODIUM) TABLET, DELAYED RELEASE ;CARILION MATERIALS MANAGEMENT;854868;20 MG;ACIPHEX (RABEPRAZOLE SODIUM) TABLET, DELAYED RELEASE {20 MG} [CARILION MATERIALS MANAGEMENT]
0270be63-492a-4204-b04e-12e41d7d909a;ADAPALENE AND BENZOYL PEROXIDE GEL [SANDOZ INC.];ADAPALENE AND BENZOYL PEROXIDE GEL ;SANDOZ INC.;829539;0.001 MG/MG / 0.025 MG/MG;ADAPALENE AND BENZOYL PEROXIDE GEL {0.001 MG/MG / 0.025 MG/MG} [SANDOZ INC.]
00b5de12-6ee7-400f-92da-dcdc17249328;ALENDRONATE SODIUM TABLET [AIDAREX PHARMACEUTICALS LLC];ALENDRONATE SODIUM TABLET ;AIDAREX PHARMACEUTICALS LLC;904431;70 MG;ALENDRONATE SODIUM TABLET {70 MG} [AIDAREX PHARMACEUTICALS LLC]
027f1a06-d920-4876-9343-6271bd566abc;ALPRAZOLAM TABLET [TYA PHARMACEUTICALS];ALPRAZOLAM TABLET ;TYA PHARMACEUTICALS;308048;0.5 MG;ALPRAZOLAM TABLET {0.5 MG} [TYA PHARMACEUTICALS]
02b5e3bb-c976-40a3-9077-64ffe637429f;AMBIEN (ZOLPIDEM TARTRATE) TABLET, FILM COATED [STAT RX USA LLC];AMBIEN (ZOLPIDEM TARTRATE) TABLET, FILM COATED ;STAT RX USA LLC;854873;10 MG;AMBIEN (ZOLPIDEM TARTRATE) TABLET, FILM COATED {10 MG} [STAT RX USA LLC]
02b5e3bb-c976-40a3-9077-64ffe637429f;AMBIEN (ZOLPIDEM TARTRATE) TABLET, FILM COATED [STAT RX USA LLC];AMBIEN (ZOLPIDEM TARTRATE) TABLET, FILM COATED ;STAT RX USA LLC;854876;5 MG;AMBIEN (ZOLPIDEM TARTRATE) TABLET, FILM COATED {5 MG} [STAT RX USA LLC]
01935b03-ce4a-4bb9-a7be-954db4d5fec2;AMIODARONE HYDROCHLORIDE TABLET [A-S MEDICATION SOLUTIONS];AMIODARONE HYDROCHLORIDE TABLET ;A-S MEDICATION SOLUTIONS;833528;200 MG;AMIODARONE HYDROCHLORIDE TABLET {200 MG} [A-S MEDICATION SOLUTIONS]
02209439-fe92-42de-81e3-51a8288debc0;AMLODIPINE BESYLATE AND BENAZEPRIL HYDROCHLORIDE CAPSULE [AIDAREX PHARMACEUTICALS LLC];AMLODIPINE BESYLATE AND BENAZEPRIL HYDROCHLORIDE CAPSULE ;AIDAREX PHARMACEUTICALS LLC;898342;10 MG / 20 MG;AMLODIPINE BESYLATE AND BENAZEPRIL HYDROCHLORIDE CAPSULE {10 MG / 20 MG} [AIDAREX PHARMACEUTICALS LLC]
02209439-fe92-42de-81e3-51a8288debc0;AMLODIPINE BESYLATE AND BENAZEPRIL HYDROCHLORIDE CAPSULE [AIDAREX PHARMACEUTICALS LLC];AMLODIPINE BESYLATE AND BENAZEPRIL HYDROCHLORIDE CAPSULE ;AIDAREX PHARMACEUTICALS LLC;898350;2.5 MG / 10 MG;AMLODIPINE BESYLATE AND BENAZEPRIL HYDROCHLORIDE CAPSULE {2.5 MG / 10 MG} [AIDAREX PHARMACEUTICALS LLC]
0018861f-1b9b-431b-84ee-9d34aab615c3;AMNESTEEM (ISOTRETINOIN) CAPSULE [PHYSICIANS TOTAL CARE, INC.];AMNESTEEM (ISOTRETINOIN) CAPSULE ;PHYSICIANS TOTAL CARE, INC.;197843;10 MG;AMNESTEEM (ISOTRETINOIN) CAPSULE {10 MG} [PHYSICIANS TOTAL CARE, INC.]
0018861f-1b9b-431b-84ee-9d34aab615c3;AMNESTEEM (ISOTRETINOIN) CAPSULE [PHYSICIANS TOTAL CARE, INC.];AMNESTEEM (ISOTRETINOIN) CAPSULE ;PHYSICIANS TOTAL CARE, INC.;404061;20 MG;AMNESTEEM (ISOTRETINOIN) CAPSULE {20 MG} [PHYSICIANS TOTAL CARE, INC.]
0018861f-1b9b-431b-84ee-9d34aab615c3;AMNESTEEM (ISOTRETINOIN) CAPSULE [PHYSICIANS TOTAL CARE, INC.];AMNESTEEM (ISOTRETINOIN) CAPSULE ;PHYSICIANS TOTAL CARE, INC.;197845;40 MG;AMNESTEEM (ISOTRETINOIN) CAPSULE {40 MG} [PHYSICIANS TOTAL CARE, INC.]
01b30abb-db63-4257-9fe2-9107bb0bd69c;AMOXICILLIN AND CLAVULANATE POTASSIUM TABLET, FILM COATED [PROFICIENT RX LP];AMOXICILLIN AND CLAVULANATE POTASSIUM TABLET, FILM COATED ;PROFICIENT RX LP;617296;500 MG / 125 MG;AMOXICILLIN AND CLAVULANATE POTASSIUM TABLET, FILM COATED {500 MG / 125 MG} [PROFICIENT RX LP]
01484f7c-24c9-4c0a-8ae5-c483cb7e6aaa;AMOXICILLIN TABLET, COATED [REDPHARM DRUG INC.];AMOXICILLIN TABLET, COATED ;REDPHARM DRUG INC.;308194;875 MG;AMOXICILLIN TABLET, COATED {875 MG} [REDPHARM DRUG INC.]
01a8bfdf-0fac-4e86-a299-daf64a2e885e;ANGELIQ (DROSPIRENONE AND ESTRADIOL) TABLET, FILM COATED [PHYSICIANS TOTAL CARE, INC.];ANGELIQ (DROSPIRENONE AND ESTRADIOL) TABLET, FILM COATED ;PHYSICIANS TOTAL CARE, INC.;1483552;0.5 MG / 1 MG;ANGELIQ (DROSPIRENONE AND ESTRADIOL) TABLET, FILM COATED {0.5 MG / 1 MG} [PHYSICIANS TOTAL CARE, INC.]
01a8bfdf-0fac-4e86-a299-daf64a2e885e;ANGELIQ (DROSPIRENONE AND ESTRADIOL) TABLET, FILM COATED [PHYSICIANS TOTAL CARE, INC.];ANGELIQ (DROSPIRENONE AND ESTRADIOL) TABLET, FILM COATED ;PHYSICIANS TOTAL CARE, INC.;1483553;10 MG/ML;ANGELIQ (DROSPIRENONE AND ESTRADIOL) TABLET, FILM COATED {10 MG/ML} [PHYSICIANS TOTAL CARE, INC.]
01a8bfdf-0fac-4e86-a299-daf64a2e885e;ANGELIQ (DROSPIRENONE AND ESTRADIOL) TABLET, FILM COATED [PHYSICIANS TOTAL CARE, INC.];ANGELIQ (DROSPIRENONE AND ESTRADIOL) TABLET, FILM COATED ;PHYSICIANS TOTAL CARE, INC.;1483554;20000 UNT/ML;ANGELIQ (DROSPIRENONE AND ESTRADIOL) TABLET, FILM COATED {20000 UNT/ML} [PHYSICIANS TOTAL CARE, INC.]
00478eeb-f1c8-4355-a7c3-81c340b557d8;ATENOLOL TABLET [STATE OF FLORIDA DOH CENTRAL PHARMACY];ATENOLOL TABLET ;STATE OF FLORIDA DOH CENTRAL PHARMACY;197381;50 MG;ATENOLOL TABLET {50 MG} [STATE OF FLORIDA DOH CENTRAL PHARMACY]
00b6912b-d195-4d7d-8333-e9b0fa20fcc1;ATORVASTATIN CALCIUM TABLET, FILM COATED [AIDAREX PHARMACEUTICALS LLC];ATORVASTATIN CALCIUM TABLET, FILM COATED ;AIDAREX PHARMACEUTICALS LLC;617310;20 MG;ATORVASTATIN CALCIUM TABLET, FILM COATED {20 MG} [AIDAREX PHARMACEUTICALS LLC]
01a908f1-fe8b-4bf1-bf0d-ce17040d0c4c;ATORVASTATIN CALCIUM TABLET, FILM COATED [NEW HORIZON RX GROUP, LLC];ATORVASTATIN CALCIUM TABLET, FILM COATED ;NEW HORIZON RX GROUP, LLC;617311;40 MG;ATORVASTATIN CALCIUM TABLET, FILM COATED {40 MG} [NEW HORIZON RX GROUP, LLC]
00966aac-118a-4ee5-9230-a53a3ce5142e;ATORVASTATIN CALCIUM TABLET, FILM COATED [UNIT DOSE SERVICES];ATORVASTATIN CALCIUM TABLET, FILM COATED ;UNIT DOSE SERVICES;259255;80 MG;ATORVASTATIN CALCIUM TABLET, FILM COATED {80 MG} [UNIT DOSE SERVICES]
0100f9fd-5d4a-4ee6-9c7f-0b60e69e78b8;ATOVAQUONE AND PROGUANIL HYDROCHLORIDE TABLET [REBEL DISTRIBUTORS CORP];ATOVAQUONE AND PROGUANIL HYDROCHLORIDE TABLET ;REBEL DISTRIBUTORS CORP;864675;250 MG / 100 MG ;ATOVAQUONE AND PROGUANIL HYDROCHLORIDE TABLET {250 MG / 100 MG } [REBEL DISTRIBUTORS CORP]
00e3b33f-2ee1-4cb4-8082-3d119754dbe3;AZATHIOPRINE TABLET [PHYSICIANS TOTAL CARE, INC.];AZATHIOPRINE TABLET ;PHYSICIANS TOTAL CARE, INC.;197388;50 MG;AZATHIOPRINE TABLET {50 MG} [PHYSICIANS TOTAL CARE, INC.]
00a7dad6-0bfc-4ccc-b261-3e0004b4c659;AZITHROMYCIN TABLET, FILM COATED [UNIT DOSE SERVICES];AZITHROMYCIN TABLET, FILM COATED ;UNIT DOSE SERVICES;308460;250 MG;AZITHROMYCIN TABLET, FILM COATED {250 MG} [UNIT DOSE SERVICES]
00a7dad6-0bfc-4ccc-b261-3e0004b4c659;AZITHROMYCIN TABLET, FILM COATED [UNIT DOSE SERVICES];AZITHROMYCIN TABLET, FILM COATED ;UNIT DOSE SERVICES;749783;30000 UNT / 6000 UNT / 19000 UNT;AZITHROMYCIN TABLET, FILM COATED {30000 UNT / 6000 UNT / 19000 UNT} [UNIT DOSE SERVICES]
0308ca55-2461-4500-8e35-1d26282d3679;BACLOFEN TABLET [STATE OF FLORIDA DOH CENTRAL PHARMACY];BACLOFEN TABLET ;STATE OF FLORIDA DOH CENTRAL PHARMACY;197391;10 MG;BACLOFEN TABLET {10 MG} [STATE OF FLORIDA DOH CENTRAL PHARMACY]
0308ca55-2461-4500-8e35-1d26282d3679;BACLOFEN TABLET [STATE OF FLORIDA DOH CENTRAL PHARMACY];BACLOFEN TABLET ;STATE OF FLORIDA DOH CENTRAL PHARMACY;197392;20 MG;BACLOFEN TABLET {20 MG} [STATE OF FLORIDA DOH CENTRAL PHARMACY]
0138a156-859a-48a3-bf5a-e2db0cc7f2f9;BACTRIM DS (SULFAMETHOXAZOLE AND TRIMETHOPRIM) TABLET [PHYSICIANS TOTAL CARE, INC.];BACTRIM DS (SULFAMETHOXAZOLE AND TRIMETHOPRIM) TABLET ;PHYSICIANS TOTAL CARE, INC.;198335;800 MG / 160 MG;BACTRIM DS (SULFAMETHOXAZOLE AND TRIMETHOPRIM) TABLET {800 MG / 160 MG} [PHYSICIANS TOTAL CARE, INC.]
00acfc04-3ad0-487e-87dd-e6e632c05b45;BENZONATATE CAPSULE [BLENHEIM PHARMACAL, INC.];BENZONATATE CAPSULE ;BLENHEIM PHARMACAL, INC.;197397;100 MG;BENZONATATE CAPSULE {100 MG} [BLENHEIM PHARMACAL, INC.]
00acfc04-3ad0-487e-87dd-e6e632c05b45;BENZONATATE CAPSULE [BLENHEIM PHARMACAL, INC.];BENZONATATE CAPSULE ;BLENHEIM PHARMACAL, INC.;283417;200 MG;BENZONATATE CAPSULE {200 MG} [BLENHEIM PHARMACAL, INC.]
00f62dd1-dad2-4892-8a5d-21e5e54509ce;BETIMOL (TIMOLOL) SOLUTION [VISTAKON PHARMACEUTICALS LLC];BETIMOL (TIMOLOL) SOLUTION ;VISTAKON PHARMACEUTICALS LLC;208560;2.5 MG/ML;BETIMOL (TIMOLOL) SOLUTION {2.5 MG/ML} [VISTAKON PHARMACEUTICALS LLC]
00f62dd1-dad2-4892-8a5d-21e5e54509ce;BETIMOL (TIMOLOL) SOLUTION [VISTAKON PHARMACEUTICALS LLC];BETIMOL (TIMOLOL) SOLUTION ;VISTAKON PHARMACEUTICALS LLC;1992303;5 MG/ML;BETIMOL (TIMOLOL) SOLUTION {5 MG/ML} [VISTAKON PHARMACEUTICALS LLC]
020d34eb-9560-4218-9d87-dfdeff705c3a;BICALUTAMIDE TABLET, FILM COATED [PHYSICIANS TOTAL CARE, INC.];BICALUTAMIDE TABLET, FILM COATED ;PHYSICIANS TOTAL CARE, INC.;199123;50 MG;BICALUTAMIDE TABLET, FILM COATED {50 MG} [PHYSICIANS TOTAL CARE, INC.]
02500709-7f2c-4251-bd8c-94ab6cdadd4c;BUPROPION HYDROCHLORIDE TABLET, FILM COATED, EXTENDED RELEASE [STAT RX USA LLC];BUPROPION HYDROCHLORIDE TABLET, FILM COATED, EXTENDED RELEASE ;STAT RX USA LLC;993503;100 MG;BUPROPION HYDROCHLORIDE TABLET, FILM COATED, EXTENDED RELEASE {100 MG} [STAT RX USA LLC]
02500709-7f2c-4251-bd8c-94ab6cdadd4c;BUPROPION HYDROCHLORIDE TABLET, FILM COATED, EXTENDED RELEASE [STAT RX USA LLC];BUPROPION HYDROCHLORIDE TABLET, FILM COATED, EXTENDED RELEASE ;STAT RX USA LLC;993518;150 MG;BUPROPION HYDROCHLORIDE TABLET, FILM COATED, EXTENDED RELEASE {150 MG} [STAT RX USA LLC]
02628a0c-bfdb-4a58-8e48-bcd8ca12d53b;BUSPIRONE HYDROCHLORIDE TABLET [EPIC PHARMA, LLC];BUSPIRONE HYDROCHLORIDE TABLET ;EPIC PHARMA, LLC;866083;10 MG;BUSPIRONE HYDROCHLORIDE TABLET {10 MG} [EPIC PHARMA, LLC]
02628a0c-bfdb-4a58-8e48-bcd8ca12d53b;BUSPIRONE HYDROCHLORIDE TABLET [EPIC PHARMA, LLC];BUSPIRONE HYDROCHLORIDE TABLET ;EPIC PHARMA, LLC;866018;15 MG ;BUSPIRONE HYDROCHLORIDE TABLET {15 MG } [EPIC PHARMA, LLC]
016d43b5-20a0-4861-96f8-6537f2c2f763;BUSPIRONE HYDROCHLORIDE TABLET [UNIT DOSE SERVICES];BUSPIRONE HYDROCHLORIDE TABLET ;UNIT DOSE SERVICES;866018;15 MG ;BUSPIRONE HYDROCHLORIDE TABLET {15 MG } [UNIT DOSE SERVICES]
02628a0c-bfdb-4a58-8e48-bcd8ca12d53b;BUSPIRONE HYDROCHLORIDE TABLET [EPIC PHARMA, LLC];BUSPIRONE HYDROCHLORIDE TABLET ;EPIC PHARMA, LLC;866090;30 MG ;BUSPIRONE HYDROCHLORIDE TABLET {30 MG } [EPIC PHARMA, LLC]
02628a0c-bfdb-4a58-8e48-bcd8ca12d53b;BUSPIRONE HYDROCHLORIDE TABLET [EPIC PHARMA, LLC];BUSPIRONE HYDROCHLORIDE TABLET ;EPIC PHARMA, LLC;866094;5 MG ;BUSPIRONE HYDROCHLORIDE TABLET {5 MG } [EPIC PHARMA, LLC]
02628a0c-bfdb-4a58-8e48-bcd8ca12d53b;BUSPIRONE HYDROCHLORIDE TABLET [EPIC PHARMA, LLC];BUSPIRONE HYDROCHLORIDE TABLET ;EPIC PHARMA, LLC;866111;7.5 MG ;BUSPIRONE HYDROCHLORIDE TABLET {7.5 MG } [EPIC PHARMA, LLC]
02de3b96-7daa-4776-8e2e-c21cf282f091;CALIFORNIA MUGWORT INJECTION, SOLUTION [NELCO LABORATORIES, INC.];CALIFORNIA MUGWORT INJECTION, SOLUTION ;NELCO LABORATORIES, INC.;892737;5 MG/ML;CALIFORNIA MUGWORT INJECTION, SOLUTION {5 MG/ML} [NELCO LABORATORIES, INC.]
01bf8c52-7f60-4fa5-8257-847bc0d910a4;CAPECITABINE TABLET, FILM COATED [RISING PHARMACEUTICALS, INC.];CAPECITABINE TABLET, FILM COATED ;RISING PHARMACEUTICALS, INC.;200327;150 MG;CAPECITABINE TABLET, FILM COATED {150 MG} [RISING PHARMACEUTICALS, INC.]
01bf8c52-7f60-4fa5-8257-847bc0d910a4;CAPECITABINE TABLET, FILM COATED [RISING PHARMACEUTICALS, INC.];CAPECITABINE TABLET, FILM COATED ;RISING PHARMACEUTICALS, INC.;200328;500 MG;CAPECITABINE TABLET, FILM COATED {500 MG} [RISING PHARMACEUTICALS, INC.]
01cca91e-0374-4b89-a25a-be05e8b64346;CAPTOPRIL TABLET CAPTOPRIL (CAPTORPIL) TABLET [WOCKHARDT LIMITED];CAPTOPRIL TABLET CAPTOPRIL (CAPTORPIL) TABLET ;WOCKHARDT LIMITED;308962;100 MG;CAPTOPRIL TABLET CAPTOPRIL (CAPTORPIL) TABLET {100 MG} [WOCKHARDT LIMITED]
01cca91e-0374-4b89-a25a-be05e8b64346;CAPTOPRIL TABLET CAPTOPRIL (CAPTORPIL) TABLET [WOCKHARDT LIMITED];CAPTOPRIL TABLET CAPTOPRIL (CAPTORPIL) TABLET ;WOCKHARDT LIMITED;308963;12.5 MG;CAPTOPRIL TABLET CAPTOPRIL (CAPTORPIL) TABLET {12.5 MG} [WOCKHARDT LIMITED]
01cca91e-0374-4b89-a25a-be05e8b64346;CAPTOPRIL TABLET CAPTOPRIL (CAPTORPIL) TABLET [WOCKHARDT LIMITED];CAPTOPRIL TABLET CAPTOPRIL (CAPTORPIL) TABLET ;WOCKHARDT LIMITED;317173;25 MG;CAPTOPRIL TABLET CAPTOPRIL (CAPTORPIL) TABLET {25 MG} [WOCKHARDT LIMITED]
01cca91e-0374-4b89-a25a-be05e8b64346;CAPTOPRIL TABLET CAPTOPRIL (CAPTORPIL) TABLET [WOCKHARDT LIMITED];CAPTOPRIL TABLET CAPTOPRIL (CAPTORPIL) TABLET ;WOCKHARDT LIMITED;308964;50 MG;CAPTOPRIL TABLET CAPTOPRIL (CAPTORPIL) TABLET {50 MG} [WOCKHARDT LIMITED]
00aa4948-6ff6-48ed-9e45-ecbb7a65452c;CARBAMAZEPINE TABLET, EXTENDED RELEASE [STATE OF FLORIDA DOH CENTRAL PHARMACY];CARBAMAZEPINE TABLET, EXTENDED RELEASE ;STATE OF FLORIDA DOH CENTRAL PHARMACY;402506;400 MG;CARBAMAZEPINE TABLET, EXTENDED RELEASE {400 MG} [STATE OF FLORIDA DOH CENTRAL PHARMACY]
026f2f1e-71cf-47ab-a24d-66663ff98429;CARP INJECTION, SOLUTION CLAM INJECTION, SOLUTION CODFISH INJECTION, SOLUTION CRAB INJECTION, SOLUTION FLOUNDER INJECTION, SOLUTION HADDOCK INJECTION, SOLUTION HALIBUT INJECTION, SOLUTION HERRING INJECTION, SOLUTION LOBSTER INJECTION, SOLUTION MACKEREL IN;CARP INJECTION, SOLUTION CLAM INJECTION, SOLUTION CODFISH INJECTION, SOLUTION CRAB INJECTION, SOLUTION FLOUNDER INJECTION, SOLUTION HADDOCK INJECTION, SOLUTION HALIBUT INJECTION, SOLUTION HERRING INJECTION, SOLUTION LOBSTER INJECTION, SOLUTION MACKEREL IN;NULL;892506;100 MG/ML;CARP INJECTION, SOLUTION CLAM INJECTION, SOLUTION CODFISH INJECTION, SOLUTION CRAB INJECTION, SOLUTION FLOUNDER INJECTION, SOLUTION HADDOCK INJECTION, SOLUTION HALIBUT INJECTION, SOLUTION HERRING INJECTION, SOLUTION LOBSTER INJECTION, SOLUTION MACKEREL IN
02db3f18-2673-4f34-b891-600ecd05295a;CARVEDILOL TABLET, FILM COATED [QUALITY CARE PRODUCTS, LLC];CARVEDILOL TABLET, FILM COATED ;QUALITY CARE PRODUCTS, LLC;200031;6.25 MG;CARVEDILOL TABLET, FILM COATED {6.25 MG} [QUALITY CARE PRODUCTS, LLC]
001dcaf3-5838-4fb0-a4b8-d65ae2eb009e;CATTLE EPITHELIUM INJECTION, SOLUTION DOG EPITHELIUM INJECTION, SOLUTION CHICKEN FEATHERS INJECTION, SOLUTION DUCK FEATHERS INJECTION, SOLUTION GOOSE FEATHERS INJECTION, SOLUTION GERBIL EPITHELIUM INJECTION, SOLUTION GOAT EPITHELIUM INJECTION, SOLUTION GU;CATTLE EPITHELIUM INJECTION, SOLUTION DOG EPITHELIUM INJECTION, SOLUTION CHICKEN FEATHERS INJECTION, SOLUTION DUCK FEATHERS INJECTION, SOLUTION GOOSE FEATHERS INJECTION, SOLUTION GERBIL EPITHELIUM INJECTION, SOLUTION GOAT EPITHELIUM INJECTION, SOLUTION GU;NULL;889656;20000 UNT/ML;CATTLE EPITHELIUM INJECTION, SOLUTION DOG EPITHELIUM INJECTION, SOLUTION CHICKEN FEATHERS INJECTION, SOLUTION DUCK FEATHERS INJECTION, SOLUTION GOOSE FEATHERS INJECTION, SOLUTION GERBIL EPITHELIUM INJECTION, SOLUTION GOAT EPITHELIUM INJECTION, SOLUTION GU
0013824B-6AEE-4DA4-AFFD-35BC6BF19D91;CEFIZOX (CEFTIZOXIME) INJECTION, POWDER, LYOPHILIZED, FOR SOLUTION [FUJISAWA HEALTHCARE, INC.];CEFIZOX (CEFTIZOXIME) INJECTION, POWDER, LYOPHILIZED, FOR SOLUTION ;FUJISAWA HEALTHCARE, INC.;206554;0,992;CEFIZOX (CEFTIZOXIME) INJECTION, POWDER, LYOPHILIZED, FOR SOLUTION {0,992} [FUJISAWA HEALTHCARE, INC.]
0013824B-6AEE-4DA4-AFFD-35BC6BF19D91;CEFIZOX (CEFTIZOXIME) INJECTION, POWDER, LYOPHILIZED, FOR SOLUTION [FUJISAWA HEALTHCARE, INC.];CEFIZOX (CEFTIZOXIME) INJECTION, POWDER, LYOPHILIZED, FOR SOLUTION ;FUJISAWA HEALTHCARE, INC.;342958;20 MG;CEFIZOX (CEFTIZOXIME) INJECTION, POWDER, LYOPHILIZED, FOR SOLUTION {20 MG} [FUJISAWA HEALTHCARE, INC.]
0013824B-6AEE-4DA4-AFFD-35BC6BF19D91;CEFIZOX (CEFTIZOXIME) INJECTION, POWDER, LYOPHILIZED, FOR SOLUTION [FUJISAWA HEALTHCARE, INC.];CEFIZOX (CEFTIZOXIME) INJECTION, POWDER, LYOPHILIZED, FOR SOLUTION ;FUJISAWA HEALTHCARE, INC.;342959;5 MG;CEFIZOX (CEFTIZOXIME) INJECTION, POWDER, LYOPHILIZED, FOR SOLUTION {5 MG} [FUJISAWA HEALTHCARE, INC.]
0013824B-6AEE-4DA4-AFFD-35BC6BF19D91;CEFIZOX (CEFTIZOXIME) INJECTION, POWDER, LYOPHILIZED, FOR SOLUTION [FUJISAWA HEALTHCARE, INC.];CEFIZOX (CEFTIZOXIME) INJECTION, POWDER, LYOPHILIZED, FOR SOLUTION ;FUJISAWA HEALTHCARE, INC.;206559;6.25 MG / 6.25 MG / 6.25 MG / 6.25 MG;CEFIZOX (CEFTIZOXIME) INJECTION, POWDER, LYOPHILIZED, FOR SOLUTION {6.25 MG / 6.25 MG / 6.25 MG / 6.25 MG} [FUJISAWA HEALTHCARE, INC.]
02806e6f-8746-4740-9327-ba58d320bff1;CEPHALEXIN CAPSULE [UNIT DOSE SERVICES];CEPHALEXIN CAPSULE ;UNIT DOSE SERVICES;309114;500 MG;CEPHALEXIN CAPSULE {500 MG} [UNIT DOSE SERVICES]
004fe393-962d-427c-93f4-31a48806ecf3;CEPHALEXIN POWDER, FOR SUSPENSION [TWI PHARMACEUTICALS, INC.];CEPHALEXIN POWDER, FOR SUSPENSION ;TWI PHARMACEUTICALS, INC.;309110;25 MG/ML;CEPHALEXIN POWDER, FOR SUSPENSION {25 MG/ML} [TWI PHARMACEUTICALS, INC.]
004fe393-962d-427c-93f4-31a48806ecf3;CEPHALEXIN POWDER, FOR SUSPENSION [TWI PHARMACEUTICALS, INC.];CEPHALEXIN POWDER, FOR SUSPENSION ;TWI PHARMACEUTICALS, INC.;309113;50 MG/ML;CEPHALEXIN POWDER, FOR SUSPENSION {50 MG/ML} [TWI PHARMACEUTICALS, INC.]
00aa19dc-a1a7-4e08-8175-d37d7a0a4c4f;CHI-MYST SYNERGY TOPICAL (CHITOSAN KETOROLAC BUPIVACAINE LIDOCAINE SUSPENSION) SPRAY, METERED [PRESCRIPTION CARE LLC];CHI-MYST SYNERGY TOPICAL (CHITOSAN KETOROLAC BUPIVACAINE LIDOCAINE SUSPENSION) SPRAY, METERED ;PRESCRIPTION CARE LLC;NULL;NULL;CHI-MYST SYNERGY TOPICAL (CHITOSAN KETOROLAC BUPIVACAINE LIDOCAINE SUSPENSION) SPRAY, METERED [PRESCRIPTION CARE LLC]
0348006f-b818-4465-a896-bc0d42294cf4;CHLORHEXIDINE GLUCONATE RINSE [LYNE LABORATORIES, INC.];CHLORHEXIDINE GLUCONATE RINSE ;LYNE LABORATORIES, INC.;834127;1.2 MG/ML ;CHLORHEXIDINE GLUCONATE RINSE {1.2 MG/ML } [LYNE LABORATORIES, INC.]
0230000a-7549-4547-bd73-4dd57fae9c6b;CIPROFLOXACIN SOLUTION [A-S MEDICATION SOLUTIONS];CIPROFLOXACIN SOLUTION ;A-S MEDICATION SOLUTIONS;309307;3 MG/ML;CIPROFLOXACIN SOLUTION {3 MG/ML} [A-S MEDICATION SOLUTIONS]
00ecf076-d840-bee7-38d1-48bae1066bff;CITRANATAL HARMONY 2.1 (CALCIUM CITRATE, IRON PENTACARBONYL, CHOLECALCIFEROL, .ALPHA.-TOCOPHEROL, DL-, PYRIDOXINE HYDROCHLORIDE, FOLIC ACID, DOCUSATE SODIUM, AND DOCONEXENT) CAPSULE, GELATIN COATED [MISSION PHARMACAL COMPANY];CITRANATAL HARMONY 2.1 (CALCIUM CITRATE, IRON PENTACARBONYL, CHOLECALCIFEROL, .ALPHA.-TOCOPHEROL, DL-, PYRIDOXINE HYDROCHLORIDE, FOLIC ACID, DOCUSATE SODIUM, AND DOCONEXENT) CAPSULE, GELATIN COATED ;MISSION PHARMACAL COMPANY;NULL;NULL;CITRANATAL HARMONY 2.1 (CALCIUM CITRATE, IRON PENTACARBONYL, CHOLECALCIFEROL, .ALPHA.-TOCOPHEROL, DL-, PYRIDOXINE HYDROCHLORIDE, FOLIC ACID, DOCUSATE SODIUM, AND DOCONEXENT) CAPSULE, GELATIN COATED [MISSION PHARMACAL COMPANY]
00088ecd-e45d-4080-b124-e66376ad7694;CLINDAMYCIN PHOSPHATE INJECTION, SOLUTION [PHYSICIANS TOTAL CARE, INC.];CLINDAMYCIN PHOSPHATE INJECTION, SOLUTION ;PHYSICIANS TOTAL CARE, INC.;1737244;150 MG/ML;CLINDAMYCIN PHOSPHATE INJECTION, SOLUTION {150 MG/ML} [PHYSICIANS TOTAL CARE, INC.]
00d1562d-b4eb-4d89-95de-0aacee7a82a5;CLONIDINE HYDROCHLORIDE TABLET [APHENA PHARMA SOLUTIONS - TENNESSEE, LLC];CLONIDINE HYDROCHLORIDE TABLET ;APHENA PHARMA SOLUTIONS - TENNESSEE, LLC;884189;0.3 MG;CLONIDINE HYDROCHLORIDE TABLET {0.3 MG} [APHENA PHARMA SOLUTIONS - TENNESSEE, LLC]
030a1460-3522-43af-a75d-29c99570698f;CLOTRIMAZOLE AND BETAMETHASONE DIPROPIONATE CREAM CLOTRIMAZOLE AND BETAMETHASONE DIPROPIONATE LOTION [PHYSICIANS TOTAL CARE, INC.];CLOTRIMAZOLE AND BETAMETHASONE DIPROPIONATE CREAM CLOTRIMAZOLE AND BETAMETHASONE DIPROPIONATE LOTION ;PHYSICIANS TOTAL CARE, INC.;308714;0.5 MG/ML / 10 MG/ML;CLOTRIMAZOLE AND BETAMETHASONE DIPROPIONATE CREAM CLOTRIMAZOLE AND BETAMETHASONE DIPROPIONATE LOTION {0.5 MG/ML / 10 MG/ML} [PHYSICIANS TOTAL CARE, INC.]
01c5574c-1056-49c6-af20-e950db3f4139;CRIXIVAN (INDINAVIR SULFATE) CAPSULE [REBEL DISTRIBUTORS CORP];CRIXIVAN (INDINAVIR SULFATE) CAPSULE ;REBEL DISTRIBUTORS CORP;153128;400 MG;CRIXIVAN (INDINAVIR SULFATE) CAPSULE {400 MG} [REBEL DISTRIBUTORS CORP]
02b6cb80-c903-466c-9608-fcbf1cb44fc0;CYCLOBENZAPRINE HYDROCHLORIDE TABLET [NORTHWIND PHARMACEUTICALS, LLC];CYCLOBENZAPRINE HYDROCHLORIDE TABLET ;NORTHWIND PHARMACEUTICALS, LLC;828348;10 MG;CYCLOBENZAPRINE HYDROCHLORIDE TABLET {10 MG} [NORTHWIND PHARMACEUTICALS, LLC]
0038f081-a867-43ed-8415-9f0003871291;CYCLOBENZAPRINE HYDROCHLORIDE TABLET, FILM COATED [NORTHWIND PHARMACEUTICALS, LLC];CYCLOBENZAPRINE HYDROCHLORIDE TABLET, FILM COATED ;NORTHWIND PHARMACEUTICALS, LLC;828320;5 MG;CYCLOBENZAPRINE HYDROCHLORIDE TABLET, FILM COATED {5 MG} [NORTHWIND PHARMACEUTICALS, LLC]
00acd9e9-b26a-4626-949e-112ecd2f27e6;CYMBALTA (DULOXETINE HYDROCHLORIDE) CAPSULE, DELAYED RELEASE [CARILION MATERIALS MANAGEMENT];CYMBALTA (DULOXETINE HYDROCHLORIDE) CAPSULE, DELAYED RELEASE ;CARILION MATERIALS MANAGEMENT;596926;20 MG;CYMBALTA (DULOXETINE HYDROCHLORIDE) CAPSULE, DELAYED RELEASE {20 MG} [CARILION MATERIALS MANAGEMENT]
03214a63-5ec2-49c5-9847-908bdfb06df8;DESOXIMETASONE CREAM [A-S MEDICATION SOLUTIONS];DESOXIMETASONE CREAM ;A-S MEDICATION SOLUTIONS;197574;2.5 MG/ML;DESOXIMETASONE CREAM {2.5 MG/ML} [A-S MEDICATION SOLUTIONS]
0277cc0a-2fd4-4605-a310-b613be84ee26;DEXAMETHASONE SODIUM PHOSPHATE INJECTION [HIKMA PHARMACEUTICALS USA INC.];DEXAMETHASONE SODIUM PHOSPHATE INJECTION ;HIKMA PHARMACEUTICALS USA INC.;309696;10 MG/ML;DEXAMETHASONE SODIUM PHOSPHATE INJECTION {10 MG/ML} [HIKMA PHARMACEUTICALS USA INC.]
0277cc0a-2fd4-4605-a310-b613be84ee26;DEXAMETHASONE SODIUM PHOSPHATE INJECTION [HIKMA PHARMACEUTICALS USA INC.];DEXAMETHASONE SODIUM PHOSPHATE INJECTION ;HIKMA PHARMACEUTICALS USA INC.;1116927;4 MG/ML;DEXAMETHASONE SODIUM PHOSPHATE INJECTION {4 MG/ML} [HIKMA PHARMACEUTICALS USA INC.]
0055edbf-f1f6-4b50-8e41-202c5a2a7883;DICLOFENAC SODIUM TABLET, DELAYED RELEASE [APHENA PHARMA SOLUTIONS - TENNESSEE, INC.];DICLOFENAC SODIUM TABLET, DELAYED RELEASE ;APHENA PHARMA SOLUTIONS - TENNESSEE, INC.;855906;50 MG;DICLOFENAC SODIUM TABLET, DELAYED RELEASE {50 MG} [APHENA PHARMA SOLUTIONS - TENNESSEE, INC.]
0055edbf-f1f6-4b50-8e41-202c5a2a7883;DICLOFENAC SODIUM TABLET, DELAYED RELEASE [APHENA PHARMA SOLUTIONS - TENNESSEE, INC.];DICLOFENAC SODIUM TABLET, DELAYED RELEASE ;APHENA PHARMA SOLUTIONS - TENNESSEE, INC.;855926;75 MG;DICLOFENAC SODIUM TABLET, DELAYED RELEASE {75 MG} [APHENA PHARMA SOLUTIONS - TENNESSEE, INC.]
01e92b73-8271-4028-8a74-c236e3b55db8;DICLOFENAC SODIUM TABLET, FILM COATED, EXTENDED RELEASE [RXCHANGE CO.];DICLOFENAC SODIUM TABLET, FILM COATED, EXTENDED RELEASE ;RXCHANGE CO.;855657;100 MG;DICLOFENAC SODIUM TABLET, FILM COATED, EXTENDED RELEASE {100 MG} [RXCHANGE CO.]
02478358-f606-4e58-a6eb-fa54bb77b912;DIETHYLPROPION HYDROCHLORIDE ER (DIETHYLPROPION HYDROCHLORIDE) TABLET, EXTENDED RELEASE [CALVIN, SCOTT AND COMPANY, INCORPORATED];DIETHYLPROPION HYDROCHLORIDE ER (DIETHYLPROPION HYDROCHLORIDE) TABLET, EXTENDED RELEASE ;CALVIN, SCOTT AND COMPANY, INCORPORATED;978668;75 MG;DIETHYLPROPION HYDROCHLORIDE ER (DIETHYLPROPION HYDROCHLORIDE) TABLET, EXTENDED RELEASE {75 MG} [CALVIN, SCOTT AND COMPANY, INCORPORATED]
00d8b2a1-064b-4b33-a1ca-cbf1b0aa294f;DIGOXIN TABLET [CLINICAL SOLUTIONS WHOLESALE, LLC];DIGOXIN TABLET ;CLINICAL SOLUTIONS WHOLESALE, LLC;197604;0.125 MG;DIGOXIN TABLET {0.125 MG} [CLINICAL SOLUTIONS WHOLESALE, LLC]
01c035ee-6bed-431d-9324-e0e0bc507eae;DIVALPROEX SODIUM EXTENDED-RELEASE (DIVALPROEX SODIUM) TABLET, EXTENDED RELEASE [STATE OF FLORIDA DOH CENTRAL PHARMACY];DIVALPROEX SODIUM EXTENDED-RELEASE (DIVALPROEX SODIUM) TABLET, EXTENDED RELEASE ;STATE OF FLORIDA DOH CENTRAL PHARMACY;1099569;500 MG;DIVALPROEX SODIUM EXTENDED-RELEASE (DIVALPROEX SODIUM) TABLET, EXTENDED RELEASE {500 MG} [STATE OF FLORIDA DOH CENTRAL PHARMACY]
00ea3641-18da-4a6f-a779-e16075464d2b;DOXYCYCLINE CAPSULE [PROFICIENT RX LP];DOXYCYCLINE CAPSULE ;PROFICIENT RX LP;1649990;100 MG;DOXYCYCLINE CAPSULE {100 MG} [PROFICIENT RX LP]
003dd45b-1e86-4261-8bf8-f572414b59a6;DOXYCYCLINE HYCLATE TABLET [CHANGZHOU PHARMACEUTICAL FACTORY];DOXYCYCLINE HYCLATE TABLET ;CHANGZHOU PHARMACEUTICAL FACTORY;1650143;100 MG ;DOXYCYCLINE HYCLATE TABLET {100 MG } [CHANGZHOU PHARMACEUTICAL FACTORY]
00a642fd-fbbc-41d8-ac62-83444f0b8284;DR. THROWERS BETA (BETAMETHASONE) OINTMENT [DR. THROWER'S SKINCARE, INC.];DR. THROWERS BETA (BETAMETHASONE) OINTMENT ;DR. THROWER'S SKINCARE, INC.;NULL;NULL;DR. THROWERS BETA (BETAMETHASONE) OINTMENT [DR. THROWER'S SKINCARE, INC.]
01ec50a1-6c6c-46f0-8c74-73542b0a59c3;ENTECAVIR TABLET [CAMBER PHARMACEUTICALS, INC.];ENTECAVIR TABLET ;CAMBER PHARMACEUTICALS, INC.;485434;0.5 MG;ENTECAVIR TABLET {0.5 MG} [CAMBER PHARMACEUTICALS, INC.]
01ec50a1-6c6c-46f0-8c74-73542b0a59c3;ENTECAVIR TABLET [CAMBER PHARMACEUTICALS, INC.];ENTECAVIR TABLET ;CAMBER PHARMACEUTICALS, INC.;485436;1 MG;ENTECAVIR TABLET {1 MG} [CAMBER PHARMACEUTICALS, INC.]
018c94b5-8379-4b08-a18c-fad9c0219c0b;ERYTHROMYCIN SOLUTION [PHYSICIANS TOTAL CARE, INC.];ERYTHROMYCIN SOLUTION ;PHYSICIANS TOTAL CARE, INC.;318202;20 MG/ML;ERYTHROMYCIN SOLUTION {20 MG/ML} [PHYSICIANS TOTAL CARE, INC.]
01ad7942-99c3-40ee-9cfb-272fb6c44e2b;ESMOLOL HYDROCHLORIDE IN SODIUM CHLORIDE INJECTION [MYLAN INSTITUTIONAL LLC];ESMOLOL HYDROCHLORIDE IN SODIUM CHLORIDE INJECTION ;MYLAN INSTITUTIONAL LLC;1736541;10 MG/ML;ESMOLOL HYDROCHLORIDE IN SODIUM CHLORIDE INJECTION {10 MG/ML} [MYLAN INSTITUTIONAL LLC]
01ad7942-99c3-40ee-9cfb-272fb6c44e2b;ESMOLOL HYDROCHLORIDE IN SODIUM CHLORIDE INJECTION [MYLAN INSTITUTIONAL LLC];ESMOLOL HYDROCHLORIDE IN SODIUM CHLORIDE INJECTION ;MYLAN INSTITUTIONAL LLC;979432;20 MG/ML;ESMOLOL HYDROCHLORIDE IN SODIUM CHLORIDE INJECTION {20 MG/ML} [MYLAN INSTITUTIONAL LLC]
000b5b37-3873-4007-b3be-ad99a9904bed;ETODOLAC TABLET, FILM COATED [AIDAREX PHARMACEUTICALS LLC];ETODOLAC TABLET, FILM COATED ;AIDAREX PHARMACEUTICALS LLC;197686;400 MG;ETODOLAC TABLET, FILM COATED {400 MG} [AIDAREX PHARMACEUTICALS LLC]
01143c04-f5d7-481d-95bb-d384f2413585;EVISTA (RALOXIFENE HYDROCHLORIDE) TABLET [PHYSICIANS TOTAL CARE, INC.];EVISTA (RALOXIFENE HYDROCHLORIDE) TABLET ;PHYSICIANS TOTAL CARE, INC.;1490065;60 MG;EVISTA (RALOXIFENE HYDROCHLORIDE) TABLET {60 MG} [PHYSICIANS TOTAL CARE, INC.]
03609879-bad2-4e75-83fe-1e1a2fd300c3;EZETIMIBE TABLET [BRYANT RANCH PREPACK];EZETIMIBE TABLET ;BRYANT RANCH PREPACK;349556;10 MG;EZETIMIBE TABLET {10 MG} [BRYANT RANCH PREPACK]
03503cd5-bd8e-4bff-b90d-1a71c5225b91;FAMOTIDINE TABLET [NORTHWIND PHARMACEUTICALS,LLC];FAMOTIDINE TABLET ;NORTHWIND PHARMACEUTICALS,LLC;284245;40 MG;FAMOTIDINE TABLET {40 MG} [NORTHWIND PHARMACEUTICALS,LLC]
00e934bb-c15b-490a-a852-839689a1231a;FINASTERIDE TABLET, FILM COATED [CAMBER PHARMACEUTICALS, INC.];FINASTERIDE TABLET, FILM COATED ;CAMBER PHARMACEUTICALS, INC.;200172;1 MG;FINASTERIDE TABLET, FILM COATED {1 MG} [CAMBER PHARMACEUTICALS, INC.]
029d82ed-a6ce-4a2e-9f15-fbb78afdbf58;FLUCONAZOLE TABLET [AIDAREX PHARMACEUTICALS LLC];FLUCONAZOLE TABLET ;AIDAREX PHARMACEUTICALS LLC;197699;150 MG;FLUCONAZOLE TABLET {150 MG} [AIDAREX PHARMACEUTICALS LLC]
02352ed1-3568-441f-add8-45201351a11c;FLUOCINOLONE ACETONIDE SOLUTION [TARO PHARMACEUTICALS U.S.A., INC.];FLUOCINOLONE ACETONIDE SOLUTION ;TARO PHARMACEUTICALS U.S.A., INC.;1191310;0.1 MG/ML;FLUOCINOLONE ACETONIDE SOLUTION {0.1 MG/ML} [TARO PHARMACEUTICALS U.S.A., INC.]
02283de9-6087-45f7-a9ce-3b082ce860de;FLUOXETINE (FLUOXETINE HYDROCHLORIDE) CAPSULE [BRYANT RANCH PREPACK];FLUOXETINE (FLUOXETINE HYDROCHLORIDE) CAPSULE ;BRYANT RANCH PREPACK;310384;10 MG;FLUOXETINE (FLUOXETINE HYDROCHLORIDE) CAPSULE {10 MG} [BRYANT RANCH PREPACK]
02283de9-6087-45f7-a9ce-3b082ce860de;FLUOXETINE (FLUOXETINE HYDROCHLORIDE) CAPSULE [BRYANT RANCH PREPACK];FLUOXETINE (FLUOXETINE HYDROCHLORIDE) CAPSULE ;BRYANT RANCH PREPACK;310385;20 MG;FLUOXETINE (FLUOXETINE HYDROCHLORIDE) CAPSULE {20 MG} [BRYANT RANCH PREPACK]
02283de9-6087-45f7-a9ce-3b082ce860de;FLUOXETINE (FLUOXETINE HYDROCHLORIDE) CAPSULE [BRYANT RANCH PREPACK];FLUOXETINE (FLUOXETINE HYDROCHLORIDE) CAPSULE ;BRYANT RANCH PREPACK;313989;40 MG;FLUOXETINE (FLUOXETINE HYDROCHLORIDE) CAPSULE {40 MG} [BRYANT RANCH PREPACK]
0272727f-5c9d-4551-b1c6-28e367e5cdb9;FLUOXETINE HYDROCHLORIDE CAPSULE [APHENA PHARMA SOLUTIONS - TENNESSEE, INC.];FLUOXETINE HYDROCHLORIDE CAPSULE ;APHENA PHARMA SOLUTIONS - TENNESSEE, INC.;310384;10 MG;FLUOXETINE HYDROCHLORIDE CAPSULE {10 MG} [APHENA PHARMA SOLUTIONS - TENNESSEE, INC.]
00f1d83e-93cc-4bbe-9c3b-c488062271ab;FOCALINXR (DEXMETHYLPHENIDATE HYDROCHLORIDE) CAPSULE, EXTENDED RELEASE [PHYSICIANS TOTAL CARE, INC.];FOCALINXR (DEXMETHYLPHENIDATE HYDROCHLORIDE) CAPSULE, EXTENDED RELEASE ;PHYSICIANS TOTAL CARE, INC.;899439;10 MG ;FOCALINXR (DEXMETHYLPHENIDATE HYDROCHLORIDE) CAPSULE, EXTENDED RELEASE {10 MG } [PHYSICIANS TOTAL CARE, INC.]
00f1d83e-93cc-4bbe-9c3b-c488062271ab;FOCALINXR (DEXMETHYLPHENIDATE HYDROCHLORIDE) CAPSULE, EXTENDED RELEASE [PHYSICIANS TOTAL CARE, INC.];FOCALINXR (DEXMETHYLPHENIDATE HYDROCHLORIDE) CAPSULE, EXTENDED RELEASE ;PHYSICIANS TOTAL CARE, INC.;899461;15 MG ;FOCALINXR (DEXMETHYLPHENIDATE HYDROCHLORIDE) CAPSULE, EXTENDED RELEASE {15 MG } [PHYSICIANS TOTAL CARE, INC.]
00f1d83e-93cc-4bbe-9c3b-c488062271ab;FOCALINXR (DEXMETHYLPHENIDATE HYDROCHLORIDE) CAPSULE, EXTENDED RELEASE [PHYSICIANS TOTAL CARE, INC.];FOCALINXR (DEXMETHYLPHENIDATE HYDROCHLORIDE) CAPSULE, EXTENDED RELEASE ;PHYSICIANS TOTAL CARE, INC.;899485;20 MG ;FOCALINXR (DEXMETHYLPHENIDATE HYDROCHLORIDE) CAPSULE, EXTENDED RELEASE {20 MG } [PHYSICIANS TOTAL CARE, INC.]
00f1d83e-93cc-4bbe-9c3b-c488062271ab;FOCALINXR (DEXMETHYLPHENIDATE HYDROCHLORIDE) CAPSULE, EXTENDED RELEASE [PHYSICIANS TOTAL CARE, INC.];FOCALINXR (DEXMETHYLPHENIDATE HYDROCHLORIDE) CAPSULE, EXTENDED RELEASE ;PHYSICIANS TOTAL CARE, INC.;899511;5 MG ;FOCALINXR (DEXMETHYLPHENIDATE HYDROCHLORIDE) CAPSULE, EXTENDED RELEASE {5 MG } [PHYSICIANS TOTAL CARE, INC.]
030e656a-e384-49ac-830f-32140c18112d;GABAPENTIN CAPSULE [EPIC PHARMA, LLC];GABAPENTIN CAPSULE ;EPIC PHARMA, LLC;310430;100 MG;GABAPENTIN CAPSULE {100 MG} [EPIC PHARMA, LLC]
030e656a-e384-49ac-830f-32140c18112d;GABAPENTIN CAPSULE [EPIC PHARMA, LLC];GABAPENTIN CAPSULE ;EPIC PHARMA, LLC;310431;300 MG;GABAPENTIN CAPSULE {300 MG} [EPIC PHARMA, LLC]
030e656a-e384-49ac-830f-32140c18112d;GABAPENTIN CAPSULE [EPIC PHARMA, LLC];GABAPENTIN CAPSULE ;EPIC PHARMA, LLC;310432;400 MG;GABAPENTIN CAPSULE {400 MG} [EPIC PHARMA, LLC]
01aafb0d-6cf4-406d-baad-560a6c91b33f;GABAPENTIN TABLET, FILM COATED [DIRECT RX];GABAPENTIN TABLET, FILM COATED ;DIRECT RX;310433;600 MG;GABAPENTIN TABLET, FILM COATED {600 MG} [DIRECT RX]
0002eded-a283-4590-a78c-b6ff2027e684;GABAPENTIN TABLET, FILM COATED [LIBERTY PHARMACEUTICALS, INC.];GABAPENTIN TABLET, FILM COATED ;LIBERTY PHARMACEUTICALS, INC.;310433;600 MG;GABAPENTIN TABLET, FILM COATED {600 MG} [LIBERTY PHARMACEUTICALS, INC.]
0002eded-a283-4590-a78c-b6ff2027e684;GABAPENTIN TABLET, FILM COATED [LIBERTY PHARMACEUTICALS, INC.];GABAPENTIN TABLET, FILM COATED ;LIBERTY PHARMACEUTICALS, INC.;310434;800 MG;GABAPENTIN TABLET, FILM COATED {800 MG} [LIBERTY PHARMACEUTICALS, INC.]
015be552-0a54-4992-a230-e0535f5348c8;GEN7T PLUS (LIDOCAINE, MENTHOL) PATCH [BEIJING HKKY MEDICAL TECH. CO., LTD.];GEN7T PLUS (LIDOCAINE, MENTHOL) PATCH ;BEIJING HKKY MEDICAL TECH. CO., LTD.;2199672;0.035 MG/MG / 0.07 MG/MG;GEN7T PLUS (LIDOCAINE, MENTHOL) PATCH {0.035 MG/MG / 0.07 MG/MG} [BEIJING HKKY MEDICAL TECH. CO., LTD.]
00b9e312-921e-41e6-ad27-0a6ce87f8298;GLIMEPIRIDE TABLET [APHENA PHARMA SOLUTIONS - TENNESSEE, LLC];GLIMEPIRIDE TABLET ;APHENA PHARMA SOLUTIONS - TENNESSEE, LLC;199247;4 MG;GLIMEPIRIDE TABLET {4 MG} [APHENA PHARMA SOLUTIONS - TENNESSEE, LLC]
0027b8a3-73bf-4005-a7e3-b035f451a861;HALOPERIDOL TABLET [CONTRACT PHARMACY SERVICES-PA];HALOPERIDOL TABLET ;CONTRACT PHARMACY SERVICES-PA;310672;5 MG;HALOPERIDOL TABLET {5 MG} [CONTRACT PHARMACY SERVICES-PA]
034eb68d-6120-417e-9c6b-46f1314d0fd7;HYDROCHLOROTHIAZIDE TABLET [AIDAREX PHARMACEUTICALS LLC];HYDROCHLOROTHIAZIDE TABLET ;AIDAREX PHARMACEUTICALS LLC;310798;25 MG;HYDROCHLOROTHIAZIDE TABLET {25 MG} [AIDAREX PHARMACEUTICALS LLC]
02ded46d-c8f6-4396-ad70-2ed2a74cbcfd;HYDROCHLOROTHIAZIDE TABLET [NORTHWIND PHARMACEUTICALS, LLC];HYDROCHLOROTHIAZIDE TABLET ;NORTHWIND PHARMACEUTICALS, LLC;310798;25 MG;HYDROCHLOROTHIAZIDE TABLET {25 MG} [NORTHWIND PHARMACEUTICALS, LLC]
02e96a51-1d56-460c-8c20-3d6f37e0ce46;HYDROCHLOROTHIAZIDE TABLET [SCIEGEN PHARMACEUTICALS, INC.];HYDROCHLOROTHIAZIDE TABLET ;SCIEGEN PHARMACEUTICALS, INC.;310798;25 MG;HYDROCHLOROTHIAZIDE TABLET {25 MG} [SCIEGEN PHARMACEUTICALS, INC.]
02e96a51-1d56-460c-8c20-3d6f37e0ce46;HYDROCHLOROTHIAZIDE TABLET [SCIEGEN PHARMACEUTICALS, INC.];HYDROCHLOROTHIAZIDE TABLET ;SCIEGEN PHARMACEUTICALS, INC.;197770;50 MG;HYDROCHLOROTHIAZIDE TABLET {50 MG} [SCIEGEN PHARMACEUTICALS, INC.]
029f39ed-ec6f-4fdc-bc0d-abfb6784cc91;HYDROCODONE BITARTRATE AND ACETAMINOPHEN TABLET [REBEL DISTRIBUTORS CORP];HYDROCODONE BITARTRATE AND ACETAMINOPHEN TABLET ;REBEL DISTRIBUTORS CORP;857111;100 MG/ML;HYDROCODONE BITARTRATE AND ACETAMINOPHEN TABLET {100 MG/ML} [REBEL DISTRIBUTORS CORP]
0045ec13-789a-40a1-ac1f-8c29049cfd13;HYDROCODONE BITARTRATE AND ACETAMINOPHEN TABLET [DISPENSING SOLUTIONS, INC.];HYDROCODONE BITARTRATE AND ACETAMINOPHEN TABLET ;DISPENSING SOLUTIONS, INC.;857107;10000 UNT/ML;HYDROCODONE BITARTRATE AND ACETAMINOPHEN TABLET {10000 UNT/ML} [DISPENSING SOLUTIONS, INC.]
00eff641-4b66-4bfc-9310-5a76c257e007;HYDROCODONE BITARTRATE AND ACETAMINOPHEN TABLET [REDPHARM DRUG INC.];HYDROCODONE BITARTRATE AND ACETAMINOPHEN TABLET ;REDPHARM DRUG INC.;856999;325 MG / 10 MG;HYDROCODONE BITARTRATE AND ACETAMINOPHEN TABLET {325 MG / 10 MG} [REDPHARM DRUG INC.]
0184de92-e728-4390-95f6-a463f583416a;HYDROCODONE BITARTRATE AND HOMATROPINE METHYLBROMIDE SYRUP [PHYSICIANS TOTAL CARE, INC.];HYDROCODONE BITARTRATE AND HOMATROPINE METHYLBROMIDE SYRUP ;PHYSICIANS TOTAL CARE, INC.;992668;0.3 MG/ML ;HYDROCODONE BITARTRATE AND HOMATROPINE METHYLBROMIDE SYRUP {0.3 MG/ML } [PHYSICIANS TOTAL CARE, INC.]
00ab155c-60b7-4527-acc4-316c6b2efa8a;HYDROXYCHLOROQUINE SULFATE TABLET [APHENA PHARMA SOLUTIONS - TENNESSEE, LLC];HYDROXYCHLOROQUINE SULFATE TABLET ;APHENA PHARMA SOLUTIONS - TENNESSEE, LLC;979092;200 MG;HYDROXYCHLOROQUINE SULFATE TABLET {200 MG} [APHENA PHARMA SOLUTIONS - TENNESSEE, LLC]
006801ed-d93f-4346-863a-cc03e6712520;HYDROXYCHLOROQUINE SULFATE TABLET [A-S MEDICATION SOLUTIONS];HYDROXYCHLOROQUINE SULFATE TABLET ;A-S MEDICATION SOLUTIONS;979092;200 MG;HYDROXYCHLOROQUINE SULFATE TABLET {200 MG} [A-S MEDICATION SOLUTIONS]
02aee05a-2e3b-4a2f-85e7-8cbadd667a85;HYDROXYZINE HYDROCHLORIDE TABLET, FILM COATED [DIRECT RX];HYDROXYZINE HYDROCHLORIDE TABLET, FILM COATED ;DIRECT RX;995258;25 MG;HYDROXYZINE HYDROCHLORIDE TABLET, FILM COATED {25 MG} [DIRECT RX]
03093c69-2638-408f-8a9c-6c43d279e4cb;HYOSCYAMINE SULFATE TABLET [DIRECT_RX];HYOSCYAMINE SULFATE TABLET ;DIRECT_RX;1047905;0.125 MG;HYOSCYAMINE SULFATE TABLET {0.125 MG} [DIRECT_RX]
02FF6501-CCCC-4F7D-9988-856D4E169B0E;HYPAQUE SODIUM (DIATRIZOATE SODIUM) INJECTION, SOLUTION [AMERSHAM HEALTH INC.];HYPAQUE SODIUM (DIATRIZOATE SODIUM) INJECTION, SOLUTION ;AMERSHAM HEALTH INC.;NULL;NULL;HYPAQUE SODIUM (DIATRIZOATE SODIUM) INJECTION, SOLUTION [AMERSHAM HEALTH INC.]
02850d0f-ded5-4d27-a377-17bbaa3e70a6;IBUPROFEN TABLET [DISPENSING SOLUTIONS, INC.];IBUPROFEN TABLET ;DISPENSING SOLUTIONS, INC.;197806;600 MG;IBUPROFEN TABLET {600 MG} [DISPENSING SOLUTIONS, INC.]
00a1272e-a561-4bf4-9a45-a72db19be9dd;INDOMETHACIN CAPSULE [CARILION MATERIALS MANAGEMENT];INDOMETHACIN CAPSULE ;CARILION MATERIALS MANAGEMENT;197817;25 MG;INDOMETHACIN CAPSULE {25 MG} [CARILION MATERIALS MANAGEMENT]
001e3b1c-b7c1-44aa-b812-e78dbf4f3069;IPRATROPIUM BROMIDE AND ALBUTEROL SULFATE INHALANT [MEDICAL SUPPLY DISTRIBUTION, LLC.];IPRATROPIUM BROMIDE AND ALBUTEROL SULFATE INHALANT ;MEDICAL SUPPLY DISTRIBUTION, LLC.;1437702;0.833 MG/ML / 0.167 MG/ML;IPRATROPIUM BROMIDE AND ALBUTEROL SULFATE INHALANT {0.833 MG/ML / 0.167 MG/ML} [MEDICAL SUPPLY DISTRIBUTION, LLC.]
0013c0c8-513a-48f3-a918-5bc1750c96a7;ISONIAZID TABLET [LIBERTY PHARMACEUTICALS, INC.];ISONIAZID TABLET ;LIBERTY PHARMACEUTICALS, INC.;197832;300 MG;ISONIAZID TABLET {300 MG} [LIBERTY PHARMACEUTICALS, INC.]
02b85cdf-afa1-47f6-992a-7b8e8eb94a09;KENALOG-10 (TRIAMCINOLONE ACETONIDE) INJECTION, SUSPENSION [DISPENSING SOLUTIONS, INC.];KENALOG-10 (TRIAMCINOLONE ACETONIDE) INJECTION, SUSPENSION ;DISPENSING SOLUTIONS, INC.;1085750;10 MG/ML;KENALOG-10 (TRIAMCINOLONE ACETONIDE) INJECTION, SUSPENSION {10 MG/ML} [DISPENSING SOLUTIONS, INC.]
01735685-40e0-4323-af5a-91db399f6451;LABETALOL HYDROCHLORIDE TABLET, FILM COATED [PHYSICIANS TOTAL CARE, INC.];LABETALOL HYDROCHLORIDE TABLET, FILM COATED ;PHYSICIANS TOTAL CARE, INC.;896758;100 MG;LABETALOL HYDROCHLORIDE TABLET, FILM COATED {100 MG} [PHYSICIANS TOTAL CARE, INC.]
01735685-40e0-4323-af5a-91db399f6451;LABETALOL HYDROCHLORIDE TABLET, FILM COATED [PHYSICIANS TOTAL CARE, INC.];LABETALOL HYDROCHLORIDE TABLET, FILM COATED ;PHYSICIANS TOTAL CARE, INC.;896762;200 MG;LABETALOL HYDROCHLORIDE TABLET, FILM COATED {200 MG} [PHYSICIANS TOTAL CARE, INC.]
01735685-40e0-4323-af5a-91db399f6451;LABETALOL HYDROCHLORIDE TABLET, FILM COATED [PHYSICIANS TOTAL CARE, INC.];LABETALOL HYDROCHLORIDE TABLET, FILM COATED ;PHYSICIANS TOTAL CARE, INC.;896766;300 MG;LABETALOL HYDROCHLORIDE TABLET, FILM COATED {300 MG} [PHYSICIANS TOTAL CARE, INC.]
003663e5-c0c7-4fc1-a64d-313f2a5b10d2;LAMOTRIGINE TABLET, ORALLY DISINTEGRATING LAMOTRIGINE KIT [PAR PHARMACEUTICAL, INC.];LAMOTRIGINE TABLET, ORALLY DISINTEGRATING LAMOTRIGINE KIT ;PAR PHARMACEUTICAL, INC.;851750;1 MG;LAMOTRIGINE TABLET, ORALLY DISINTEGRATING LAMOTRIGINE KIT {1 MG} [PAR PHARMACEUTICAL, INC.]
003663e5-c0c7-4fc1-a64d-313f2a5b10d2;LAMOTRIGINE TABLET, ORALLY DISINTEGRATING LAMOTRIGINE KIT [PAR PHARMACEUTICAL, INC.];LAMOTRIGINE TABLET, ORALLY DISINTEGRATING LAMOTRIGINE KIT ;PAR PHARMACEUTICAL, INC.;103968;100 MG;LAMOTRIGINE TABLET, ORALLY DISINTEGRATING LAMOTRIGINE KIT {100 MG} [PAR PHARMACEUTICAL, INC.]
003663e5-c0c7-4fc1-a64d-313f2a5b10d2;LAMOTRIGINE TABLET, ORALLY DISINTEGRATING LAMOTRIGINE KIT [PAR PHARMACEUTICAL, INC.];LAMOTRIGINE TABLET, ORALLY DISINTEGRATING LAMOTRIGINE KIT ;PAR PHARMACEUTICAL, INC.;252479;200 MG;LAMOTRIGINE TABLET, ORALLY DISINTEGRATING LAMOTRIGINE KIT {200 MG} [PAR PHARMACEUTICAL, INC.]
003663e5-c0c7-4fc1-a64d-313f2a5b10d2;LAMOTRIGINE TABLET, ORALLY DISINTEGRATING LAMOTRIGINE KIT [PAR PHARMACEUTICAL, INC.];LAMOTRIGINE TABLET, ORALLY DISINTEGRATING LAMOTRIGINE KIT ;PAR PHARMACEUTICAL, INC.;851752;25 MG;LAMOTRIGINE TABLET, ORALLY DISINTEGRATING LAMOTRIGINE KIT {25 MG} [PAR PHARMACEUTICAL, INC.]
003663e5-c0c7-4fc1-a64d-313f2a5b10d2;LAMOTRIGINE TABLET, ORALLY DISINTEGRATING LAMOTRIGINE KIT [PAR PHARMACEUTICAL, INC.];LAMOTRIGINE TABLET, ORALLY DISINTEGRATING LAMOTRIGINE KIT ;PAR PHARMACEUTICAL, INC.;851748;300 MG;LAMOTRIGINE TABLET, ORALLY DISINTEGRATING LAMOTRIGINE KIT {300 MG} [PAR PHARMACEUTICAL, INC.]
003663e5-c0c7-4fc1-a64d-313f2a5b10d2;LAMOTRIGINE TABLET, ORALLY DISINTEGRATING LAMOTRIGINE KIT [PAR PHARMACEUTICAL, INC.];LAMOTRIGINE TABLET, ORALLY DISINTEGRATING LAMOTRIGINE KIT ;PAR PHARMACEUTICAL, INC.;252478;50 MG;LAMOTRIGINE TABLET, ORALLY DISINTEGRATING LAMOTRIGINE KIT {50 MG} [PAR PHARMACEUTICAL, INC.]
0193faa4-9b02-4ccd-9751-de6124cc8c68;LETROZOLE TABLET, FILM COATED [REBEL DISTRIBUTORS CORP];LETROZOLE TABLET, FILM COATED ;REBEL DISTRIBUTORS CORP;200064;2.5 MG;LETROZOLE TABLET, FILM COATED {2.5 MG} [REBEL DISTRIBUTORS CORP]
028e6f14-34f2-49f4-99a5-83c457d4e96f;LEUKOTRAP (BLOOD COLLECTION SYSTEM) KIT [HAEMONETICS MANUFACTURING INC];LEUKOTRAP (BLOOD COLLECTION SYSTEM) KIT ;HAEMONETICS MANUFACTURING INC;NULL;NULL;LEUKOTRAP (BLOOD COLLECTION SYSTEM) KIT [HAEMONETICS MANUFACTURING INC]
02727941-c5ea-4f85-beb4-2a00eec73dd0;LEVETIRACETAM EXTENDED-RELEASE (LEVETIRACETAM) TABLET, EXTENDED RELEASE [INTELLIPHARMACEUTICS CORP.];LEVETIRACETAM EXTENDED-RELEASE (LEVETIRACETAM) TABLET, EXTENDED RELEASE ;INTELLIPHARMACEUTICS CORP.;807832;500 MG;LEVETIRACETAM EXTENDED-RELEASE (LEVETIRACETAM) TABLET, EXTENDED RELEASE {500 MG} [INTELLIPHARMACEUTICS CORP.]
02727941-c5ea-4f85-beb4-2a00eec73dd0;LEVETIRACETAM EXTENDED-RELEASE (LEVETIRACETAM) TABLET, EXTENDED RELEASE [INTELLIPHARMACEUTICS CORP.];LEVETIRACETAM EXTENDED-RELEASE (LEVETIRACETAM) TABLET, EXTENDED RELEASE ;INTELLIPHARMACEUTICS CORP.;846378;750 MG;LEVETIRACETAM EXTENDED-RELEASE (LEVETIRACETAM) TABLET, EXTENDED RELEASE {750 MG} [INTELLIPHARMACEUTICS CORP.]
0081f751-e2e5-4d28-9053-306accab3561;LEVETIRACETAM TABLET, FILM COATED [TYA PHARMACEUTICALS];LEVETIRACETAM TABLET, FILM COATED ;TYA PHARMACEUTICALS;311289;500 MG;LEVETIRACETAM TABLET, FILM COATED {500 MG} [TYA PHARMACEUTICALS]
02786c40-5745-4bd9-b429-53948e9ce262;LEVOTHYROXINE SODIUM TABLET [NORTHWIND PHARMACEUTICALS, LLC];LEVOTHYROXINE SODIUM TABLET ;NORTHWIND PHARMACEUTICALS, LLC;966221;0.05 MG;LEVOTHYROXINE SODIUM TABLET {0.05 MG} [NORTHWIND PHARMACEUTICALS, LLC]
0213903b-9662-465e-a668-f228cedf5e9e;LEVOTHYROXINE SODIUM TABLET [STAT RX USA LLC];LEVOTHYROXINE SODIUM TABLET ;STAT RX USA LLC;966221;0.05 MG;LEVOTHYROXINE SODIUM TABLET {0.05 MG} [STAT RX USA LLC]
00a4fc0b-7162-455e-8ed3-56efdbbe182e;LEVOTHYROXINE SODIUM TABLET [PROFICIENT RX LP];LEVOTHYROXINE SODIUM TABLET ;PROFICIENT RX LP;966222;0.075 MG;LEVOTHYROXINE SODIUM TABLET {0.075 MG} [PROFICIENT RX LP]
0213903b-9662-465e-a668-f228cedf5e9e;LEVOTHYROXINE SODIUM TABLET [STAT RX USA LLC];LEVOTHYROXINE SODIUM TABLET ;STAT RX USA LLC;892246;0.1 MG;LEVOTHYROXINE SODIUM TABLET {0.1 MG} [STAT RX USA LLC]
0213903b-9662-465e-a668-f228cedf5e9e;LEVOTHYROXINE SODIUM TABLET [STAT RX USA LLC];LEVOTHYROXINE SODIUM TABLET ;STAT RX USA LLC;966248;0.112 MG;LEVOTHYROXINE SODIUM TABLET {0.112 MG} [STAT RX USA LLC]
00a4fc0b-7162-455e-8ed3-56efdbbe182e;LEVOTHYROXINE SODIUM TABLET [PROFICIENT RX LP];LEVOTHYROXINE SODIUM TABLET ;PROFICIENT RX LP;966270;0.137 MG;LEVOTHYROXINE SODIUM TABLET {0.137 MG} [PROFICIENT RX LP]
009575f9-74e8-4a6d-9fa6-3cae72fd01c3;LEXIVA (FOSAMPRENAVIR CALCIUM) TABLET, FILM COATED [STATE OF FLORIDA DOH CENTRAL PHARMACY];LEXIVA (FOSAMPRENAVIR CALCIUM) TABLET, FILM COATED ;STATE OF FLORIDA DOH CENTRAL PHARMACY;402109;700 MG;LEXIVA (FOSAMPRENAVIR CALCIUM) TABLET, FILM COATED {700 MG} [STATE OF FLORIDA DOH CENTRAL PHARMACY]
008e8da2-1390-457b-89dd-41de33611942;LIDOCAINE (LIDOCAINE HYDROCHLORIDE) JELLY [AIDAREX PHARMACEUTICALS LLC];LIDOCAINE (LIDOCAINE HYDROCHLORIDE) JELLY ;AIDAREX PHARMACEUTICALS LLC;1011852;0.02 MG/MG;LIDOCAINE (LIDOCAINE HYDROCHLORIDE) JELLY {0.02 MG/MG} [AIDAREX PHARMACEUTICALS LLC]
004da013-8bd9-497a-b38e-14ff86859be7;LIDOCAINE AND PRILOCAINE CREAM [A-S MEDICATION SOLUTIONS];LIDOCAINE AND PRILOCAINE CREAM ;A-S MEDICATION SOLUTIONS;197877;25 MG/ML / 25 MG/ML;LIDOCAINE AND PRILOCAINE CREAM {25 MG/ML / 25 MG/ML} [A-S MEDICATION SOLUTIONS]
02192109-08e9-428a-bc5e-c606c2870b0d;LINEZOLID TABLET [CELLTRION USA, INC.];LINEZOLID TABLET ;CELLTRION USA, INC.;311347;600 MG;LINEZOLID TABLET {600 MG} [CELLTRION USA, INC.]
033c20a9-c298-4185-a48f-0bf8a2ac918a;LISINOPRIL TABLET [H.J. HARKINS COMPANY, INC.];LISINOPRIL TABLET ;H.J. HARKINS COMPANY, INC.;314076;10 MG;LISINOPRIL TABLET {10 MG} [H.J. HARKINS COMPANY, INC.]
035503ca-d962-4e63-b402-52baa74a49a5;LISINOPRIL TABLET [APHENA PHARMA SOLUTIONS - TENNESSEE, LLC];LISINOPRIL TABLET ;APHENA PHARMA SOLUTIONS - TENNESSEE, LLC;311353;2.5 MG;LISINOPRIL TABLET {2.5 MG} [APHENA PHARMA SOLUTIONS - TENNESSEE, LLC]
035503ca-d962-4e63-b402-52baa74a49a5;LISINOPRIL TABLET [APHENA PHARMA SOLUTIONS - TENNESSEE, LLC];LISINOPRIL TABLET ;APHENA PHARMA SOLUTIONS - TENNESSEE, LLC;197884;40 MG;LISINOPRIL TABLET {40 MG} [APHENA PHARMA SOLUTIONS - TENNESSEE, LLC]
02d8b170-72a9-4987-91d8-d655e6aaf2cd;LISINOPRIL TABLET [DIRECTRX];LISINOPRIL TABLET ;DIRECTRX;197884;40 MG;LISINOPRIL TABLET {40 MG} [DIRECTRX]
0209bb1e-b8fa-4fa9-a533-4dda028bd369;LORAZEPAM TABLET [CONTRACT PHARMACY SERVICES-PA];LORAZEPAM TABLET ;CONTRACT PHARMACY SERVICES-PA;197900;0.5 MG;LORAZEPAM TABLET {0.5 MG} [CONTRACT PHARMACY SERVICES-PA]
0007892c-8c17-400d-b820-020aa32f433b;LORAZEPAM TABLET [PHYSICIANS TOTAL CARE, INC.];LORAZEPAM TABLET ;PHYSICIANS TOTAL CARE, INC.;197900;0.5 MG;LORAZEPAM TABLET {0.5 MG} [PHYSICIANS TOTAL CARE, INC.]
0209bb1e-b8fa-4fa9-a533-4dda028bd369;LORAZEPAM TABLET [CONTRACT PHARMACY SERVICES-PA];LORAZEPAM TABLET ;CONTRACT PHARMACY SERVICES-PA;197901;1 MG;LORAZEPAM TABLET {1 MG} [CONTRACT PHARMACY SERVICES-PA]
0007892c-8c17-400d-b820-020aa32f433b;LORAZEPAM TABLET [PHYSICIANS TOTAL CARE, INC.];LORAZEPAM TABLET ;PHYSICIANS TOTAL CARE, INC.;197901;1 MG;LORAZEPAM TABLET {1 MG} [PHYSICIANS TOTAL CARE, INC.]
0209bb1e-b8fa-4fa9-a533-4dda028bd369;LORAZEPAM TABLET [CONTRACT PHARMACY SERVICES-PA];LORAZEPAM TABLET ;CONTRACT PHARMACY SERVICES-PA;197902;2 MG;LORAZEPAM TABLET {2 MG} [CONTRACT PHARMACY SERVICES-PA]
0007892c-8c17-400d-b820-020aa32f433b;LORAZEPAM TABLET [PHYSICIANS TOTAL CARE, INC.];LORAZEPAM TABLET ;PHYSICIANS TOTAL CARE, INC.;197902;2 MG;LORAZEPAM TABLET {2 MG} [PHYSICIANS TOTAL CARE, INC.]
02cdce82-4da9-4c34-89d9-43d542a40261;LOSARTAN POTASSIUM TABLET [STATE OF FLORIDA DOH CENTRAL PHARMACY];LOSARTAN POTASSIUM TABLET ;STATE OF FLORIDA DOH CENTRAL PHARMACY;979480;100 MG;LOSARTAN POTASSIUM TABLET {100 MG} [STATE OF FLORIDA DOH CENTRAL PHARMACY]
02cdce82-4da9-4c34-89d9-43d542a40261;LOSARTAN POTASSIUM TABLET [STATE OF FLORIDA DOH CENTRAL PHARMACY];LOSARTAN POTASSIUM TABLET ;STATE OF FLORIDA DOH CENTRAL PHARMACY;979492;50 MG;LOSARTAN POTASSIUM TABLET {50 MG} [STATE OF FLORIDA DOH CENTRAL PHARMACY]
027bd594-6a0a-4e6d-bd3c-4f33fdb4166a;LOVASTATIN TABLET [PROFICIENT RX LP];LOVASTATIN TABLET ;PROFICIENT RX LP;197904;20 MG;LOVASTATIN TABLET {20 MG} [PROFICIENT RX LP]
020b7dd4-c270-4046-97f2-c646ce067168;MECLIZINE HYDROCHLORIDE TABLET [LIBERTY PHARMACEUTICALS, INC.];MECLIZINE HYDROCHLORIDE TABLET ;LIBERTY PHARMACEUTICALS, INC.;995666;25 MG;MECLIZINE HYDROCHLORIDE TABLET {25 MG} [LIBERTY PHARMACEUTICALS, INC.]
0060d1b1-4cfc-4b69-86a8-9bd44a071e94;MELOXICAM TABLET [MEDVANTX, INC.];MELOXICAM TABLET ;MEDVANTX, INC.;152695;15 MG;MELOXICAM TABLET {15 MG} [MEDVANTX, INC.]
02f9696c-87d0-4f2b-a90f-d04b3ba767b1;MELOXICAM TABLET [NEW HORIZON RX GROUP, LLC];MELOXICAM TABLET ;NEW HORIZON RX GROUP, LLC;152695;15 MG;MELOXICAM TABLET {15 MG} [NEW HORIZON RX GROUP, LLC]
0084d5bc-17d5-4c58-a791-7ab3bb4590b7;MEPERIDINE HYDROCHLORIDE INJECTION [PHYSICIANS TOTAL CARE, INC.];MEPERIDINE HYDROCHLORIDE INJECTION ;PHYSICIANS TOTAL CARE, INC.;1665697;50 MG/ML;MEPERIDINE HYDROCHLORIDE INJECTION {50 MG/ML} [PHYSICIANS TOTAL CARE, INC.]
01437cf0-38a9-4979-b4e3-4d427ae8e45e;METFORMIN HYDROCHLORIDE TABLET, COATED [APHENA PHARMA SOLUTIONS - TENNESSEE, LLC];METFORMIN HYDROCHLORIDE TABLET, COATED ;APHENA PHARMA SOLUTIONS - TENNESSEE, LLC;861004;1000 MG;METFORMIN HYDROCHLORIDE TABLET, COATED {1000 MG} [APHENA PHARMA SOLUTIONS - TENNESSEE, LLC]
009797a6-5b91-42aa-ac9f-f0d2d0675624;METFORMIN HYDROCHLORIDE TABLET, EXTENDED RELEASE [BLENHEIM PHARMACAL, INC.];METFORMIN HYDROCHLORIDE TABLET, EXTENDED RELEASE ;BLENHEIM PHARMACAL, INC.;860975;500 MG;METFORMIN HYDROCHLORIDE TABLET, EXTENDED RELEASE {500 MG} [BLENHEIM PHARMACAL, INC.]
0115de44-8e34-44f7-a31f-902de0b98088;METFORMIN HYDROCHLORIDE TABLET, EXTENDED RELEASE [INVENTIA HEALTHCARE PRIVATE LIMITED];METFORMIN HYDROCHLORIDE TABLET, EXTENDED RELEASE ;INVENTIA HEALTHCARE PRIVATE LIMITED;860975;500 MG;METFORMIN HYDROCHLORIDE TABLET, EXTENDED RELEASE {500 MG} [INVENTIA HEALTHCARE PRIVATE LIMITED]
01b1ad34-bee2-461e-b5f5-0b0cf90dfe0b;METFORMIN HYDROCHLORIDE TABLET, EXTENDED RELEASE [NOSTRUM LABORATORIES INC.];METFORMIN HYDROCHLORIDE TABLET, EXTENDED RELEASE ;NOSTRUM LABORATORIES INC.;860975;500 MG;METFORMIN HYDROCHLORIDE TABLET, EXTENDED RELEASE {500 MG} [NOSTRUM LABORATORIES INC.]
009797a6-5b91-42aa-ac9f-f0d2d0675624;METFORMIN HYDROCHLORIDE TABLET, EXTENDED RELEASE [BLENHEIM PHARMACAL, INC.];METFORMIN HYDROCHLORIDE TABLET, EXTENDED RELEASE ;BLENHEIM PHARMACAL, INC.;860981;750 MG;METFORMIN HYDROCHLORIDE TABLET, EXTENDED RELEASE {750 MG} [BLENHEIM PHARMACAL, INC.]
01b1ad34-bee2-461e-b5f5-0b0cf90dfe0b;METFORMIN HYDROCHLORIDE TABLET, EXTENDED RELEASE [NOSTRUM LABORATORIES INC.];METFORMIN HYDROCHLORIDE TABLET, EXTENDED RELEASE ;NOSTRUM LABORATORIES INC.;860981;750 MG;METFORMIN HYDROCHLORIDE TABLET, EXTENDED RELEASE {750 MG} [NOSTRUM LABORATORIES INC.]
011ee828-5c2a-49b9-bf8e-07f5eb5fc635;METOPROLOL TARTRATE TABLET, FILM COATED METOPROLOL TARTRATE (METOPROLOL TARTRATE) TABLET, FILM COATED [RANBAXY PHARMACEUTICALS INC.];METOPROLOL TARTRATE TABLET, FILM COATED METOPROLOL TARTRATE (METOPROLOL TARTRATE) TABLET, FILM COATED ;RANBAXY PHARMACEUTICALS INC.;866511;100 MG;METOPROLOL TARTRATE TABLET, FILM COATED METOPROLOL TARTRATE (METOPROLOL TARTRATE) TABLET, FILM COATED {100 MG} [RANBAXY PHARMACEUTICALS INC.]
011ee828-5c2a-49b9-bf8e-07f5eb5fc635;METOPROLOL TARTRATE TABLET, FILM COATED METOPROLOL TARTRATE (METOPROLOL TARTRATE) TABLET, FILM COATED [RANBAXY PHARMACEUTICALS INC.];METOPROLOL TARTRATE TABLET, FILM COATED METOPROLOL TARTRATE (METOPROLOL TARTRATE) TABLET, FILM COATED ;RANBAXY PHARMACEUTICALS INC.;866924;25 MG;METOPROLOL TARTRATE TABLET, FILM COATED METOPROLOL TARTRATE (METOPROLOL TARTRATE) TABLET, FILM COATED {25 MG} [RANBAXY PHARMACEUTICALS INC.]
011ee828-5c2a-49b9-bf8e-07f5eb5fc635;METOPROLOL TARTRATE TABLET, FILM COATED METOPROLOL TARTRATE (METOPROLOL TARTRATE) TABLET, FILM COATED [RANBAXY PHARMACEUTICALS INC.];METOPROLOL TARTRATE TABLET, FILM COATED METOPROLOL TARTRATE (METOPROLOL TARTRATE) TABLET, FILM COATED ;RANBAXY PHARMACEUTICALS INC.;866514;50 MG;METOPROLOL TARTRATE TABLET, FILM COATED METOPROLOL TARTRATE (METOPROLOL TARTRATE) TABLET, FILM COATED {50 MG} [RANBAXY PHARMACEUTICALS INC.]
00bf1ab3-dd22-439d-85fb-966dbb76c900;MINOCYCLINE HYDROCHLORIDE CAPSULE [CARILION MATERIALS MANAGEMENT];MINOCYCLINE HYDROCHLORIDE CAPSULE ;CARILION MATERIALS MANAGEMENT;197984;100 MG;MINOCYCLINE HYDROCHLORIDE CAPSULE {100 MG} [CARILION MATERIALS MANAGEMENT]
0354a7f5-5917-44dc-9963-411104008cb5;MINOXIDIL TABLET [SUN PHARMACEUTICAL INDUSTRIES, INC.];MINOXIDIL TABLET ;SUN PHARMACEUTICAL INDUSTRIES, INC.;197986;10 MG;MINOXIDIL TABLET {10 MG} [SUN PHARMACEUTICAL INDUSTRIES, INC.]
032835ab-1c8b-418a-9009-b6ebe58676dc;MINOXIDIL TABLET [CARILION MATERIALS MANAGEMENT];MINOXIDIL TABLET ;CARILION MATERIALS MANAGEMENT;197987;2.5 MG;MINOXIDIL TABLET {2.5 MG} [CARILION MATERIALS MANAGEMENT]
0354a7f5-5917-44dc-9963-411104008cb5;MINOXIDIL TABLET [SUN PHARMACEUTICAL INDUSTRIES, INC.];MINOXIDIL TABLET ;SUN PHARMACEUTICAL INDUSTRIES, INC.;197987;2.5 MG;MINOXIDIL TABLET {2.5 MG} [SUN PHARMACEUTICAL INDUSTRIES, INC.]
03395e21-ea63-4a4b-b1e0-418c414a35fc;MIRTAZAPINE TABLET, FILM COATED [APHENA PHARMA SOLUTIONS - TENNESSEE, LLC];MIRTAZAPINE TABLET, FILM COATED ;APHENA PHARMA SOLUTIONS - TENNESSEE, LLC;311725;15 MG;MIRTAZAPINE TABLET, FILM COATED {15 MG} [APHENA PHARMA SOLUTIONS - TENNESSEE, LLC]
03395e21-ea63-4a4b-b1e0-418c414a35fc;MIRTAZAPINE TABLET, FILM COATED [APHENA PHARMA SOLUTIONS - TENNESSEE, LLC];MIRTAZAPINE TABLET, FILM COATED ;APHENA PHARMA SOLUTIONS - TENNESSEE, LLC;314111;30 MG;MIRTAZAPINE TABLET, FILM COATED {30 MG} [APHENA PHARMA SOLUTIONS - TENNESSEE, LLC]
015a259c-a0cb-4440-b8f2-0a31aa76fb88;MOMETASONE FUROATE CREAM [RPK PHARMACEUTICALS, INC.];MOMETASONE FUROATE CREAM ;RPK PHARMACEUTICALS, INC.;311753;1 MG/ML ;MOMETASONE FUROATE CREAM {1 MG/ML } [RPK PHARMACEUTICALS, INC.]
00a746cd-5c7e-4b41-b4ac-3cfec36a5e2d;NAPROXEN SODIUM (NAPROXEN) TABLET [NORTHWIND PHARMACEUTICALS, LLC];NAPROXEN SODIUM (NAPROXEN) TABLET ;NORTHWIND PHARMACEUTICALS, LLC;849431;550 MG;NAPROXEN SODIUM (NAPROXEN) TABLET {550 MG} [NORTHWIND PHARMACEUTICALS, LLC]
027c59ed-3441-44ad-a42a-2f8efec052af;NAPROXEN SODIUM TABLET [NORTHWIND PHARMACEUTICALS, LLC];NAPROXEN SODIUM TABLET ;NORTHWIND PHARMACEUTICALS, LLC;849574;220 MG;NAPROXEN SODIUM TABLET {220 MG} [NORTHWIND PHARMACEUTICALS, LLC]
02b16b3c-5276-4c5c-affa-9e08d99667b0;NEOMYCIN AND POLYMYXIN B SULFATES AND HYDROCORTISONE (NEOMYCIN SULFATE, POLYMYXIN B SULFATE AND HYDROCORTISONE) SUSPENSION/ DROPS [H.J. HARKINS COMPANY, INC.];NEOMYCIN AND POLYMYXIN B SULFATES AND HYDROCORTISONE (NEOMYCIN SULFATE, POLYMYXIN B SULFATE AND HYDROCORTISONE) SUSPENSION/ DROPS ;H.J. HARKINS COMPANY, INC.;310687;10 MG/ML / 3.5 MG/ML / 10000 UNT/ML;NEOMYCIN AND POLYMYXIN B SULFATES AND HYDROCORTISONE (NEOMYCIN SULFATE, POLYMYXIN B SULFATE AND HYDROCORTISONE) SUSPENSION/ DROPS {10 MG/ML / 3.5 MG/ML / 10000 UNT/ML} [H.J. HARKINS COMPANY, INC.]
01e58ae0-cdcf-4c1f-bfb9-9d0fc3ebd002;NEOMYCIN POLYMYXIN B SULFATES AND DEXAMETHASONE (NEOMYCIN SULFATE, POLYMYXIN B SULFATE AND DEXAMETHASONE) SUSPENSION/ DROPS [MWI/VETONE];NEOMYCIN POLYMYXIN B SULFATES AND DEXAMETHASONE (NEOMYCIN SULFATE, POLYMYXIN B SULFATE AND DEXAMETHASONE) SUSPENSION/ DROPS ;MWI/VETONE;309680;1 MG/ML / 3.5 MG/ML / 10000 UNT/ML;NEOMYCIN POLYMYXIN B SULFATES AND DEXAMETHASONE (NEOMYCIN SULFATE, POLYMYXIN B SULFATE AND DEXAMETHASONE) SUSPENSION/ DROPS {1 MG/ML / 3.5 MG/ML / 10000 UNT/ML} [MWI/VETONE]
013433a1-c27c-4712-a03b-0949b2969fbb;NITROFURANTOIN MACROCRYSTALS CAPSULE [BLENHEIM PHARMACAL, INC.];NITROFURANTOIN MACROCRYSTALS CAPSULE ;BLENHEIM PHARMACAL, INC.;1648759;100 MG;NITROFURANTOIN MACROCRYSTALS CAPSULE {100 MG} [BLENHEIM PHARMACAL, INC.]
013f400f-3795-41e7-b543-073c73f10675;NITROGEN GAS [GT INDUSTRIES INC];NITROGEN GAS ;GT INDUSTRIES INC;311998;0,99;NITROGEN GAS {0,99} [GT INDUSTRIES INC]
005909e4-77d2-440f-a10b-30fab27ffbc3;NIZATIDINE CAPSULE [CARILION MATERIALS MANAGEMENT];NIZATIDINE CAPSULE ;CARILION MATERIALS MANAGEMENT;312025;150 MG;NIZATIDINE CAPSULE {150 MG} [CARILION MATERIALS MANAGEMENT]
0131d303-52c4-4ea7-a560-b529bb2c1616;NIZATIDINE CAPSULE [REBEL DISTRIBUTORS CORP];NIZATIDINE CAPSULE ;REBEL DISTRIBUTORS CORP;312025;150 MG;NIZATIDINE CAPSULE {150 MG} [REBEL DISTRIBUTORS CORP]
017f7717-e160-4142-9a5a-1a2bd9776707;NORTRIPTYLINE HYDROCHLORIDE CAPSULE [DIRECT RX];NORTRIPTYLINE HYDROCHLORIDE CAPSULE ;DIRECT RX;198045;10 MG;NORTRIPTYLINE HYDROCHLORIDE CAPSULE {10 MG} [DIRECT RX]
017f7717-e160-4142-9a5a-1a2bd9776707;NORTRIPTYLINE HYDROCHLORIDE CAPSULE [DIRECT RX];NORTRIPTYLINE HYDROCHLORIDE CAPSULE ;DIRECT RX;317136;25 MG;NORTRIPTYLINE HYDROCHLORIDE CAPSULE {25 MG} [DIRECT RX]
01b44f91-9b68-464a-9693-b5d3e793bf3c;NYAMYC (NYSTATIN) POWDER [UPSHER-SMITH LABORATORIES, LLC];NYAMYC (NYSTATIN) POWDER ;UPSHER-SMITH LABORATORIES, LLC;584414;100 UNT/MG;NYAMYC (NYSTATIN) POWDER {100 UNT/MG} [UPSHER-SMITH LABORATORIES, LLC]
01777cce-37ea-499c-ab13-82041a37ccfc;NYSTATIN OINTMENT [E. FOUGERA & CO. A DIVISION OF FOUGERA PHARMACEUTICALS INC.];NYSTATIN OINTMENT ;E. FOUGERA & CO. A DIVISION OF FOUGERA PHARMACEUTICALS INC.;884308;100 UNT/MG;NYSTATIN OINTMENT {100 UNT/MG} [E. FOUGERA & CO. A DIVISION OF FOUGERA PHARMACEUTICALS INC.]
01c469b3-ec10-452c-8c02-3e7d22e40297;NYSTATIN SUSPENSION [TARO PHARMACEUTICALS U.S.A., INC.];NYSTATIN SUSPENSION ;TARO PHARMACEUTICALS U.S.A., INC.;312055;100000 UNT/ML;NYSTATIN SUSPENSION {100000 UNT/ML} [TARO PHARMACEUTICALS U.S.A., INC.]
03367fd2-bf06-47f7-8a69-8f90a0b81734;OMEPRAZOLE CAPSULE, DELAYED RELEASE [AVERA MCKENNAN HOSPITAL];OMEPRAZOLE CAPSULE, DELAYED RELEASE ;AVERA MCKENNAN HOSPITAL;200329;40 MG;OMEPRAZOLE CAPSULE, DELAYED RELEASE {40 MG} [AVERA MCKENNAN HOSPITAL]
02ddd5f5-76d3-4f1c-9af3-d39e05a19c29;ONDANSETRON TABLET, ORALLY DISINTEGRATING [A-S MEDICATION SOLUTIONS];ONDANSETRON TABLET, ORALLY DISINTEGRATING ;A-S MEDICATION SOLUTIONS;104894;4 MG;ONDANSETRON TABLET, ORALLY DISINTEGRATING {4 MG} [A-S MEDICATION SOLUTIONS]
02ff3be7-fc5c-4b91-8c67-ecdf6e19c42a;OXYBUTYNIN CHLORIDE EXTENDED RELEASE (OXYBUTYNIN CHLORIDE) TABLET, EXTENDED RELEASE [APHENA PHARMA SOLUTIONS - TENNESSEE, LLC];OXYBUTYNIN CHLORIDE EXTENDED RELEASE (OXYBUTYNIN CHLORIDE) TABLET, EXTENDED RELEASE ;APHENA PHARMA SOLUTIONS - TENNESSEE, LLC;863619;10 MG;OXYBUTYNIN CHLORIDE EXTENDED RELEASE (OXYBUTYNIN CHLORIDE) TABLET, EXTENDED RELEASE {10 MG} [APHENA PHARMA SOLUTIONS - TENNESSEE, LLC]
02ff3be7-fc5c-4b91-8c67-ecdf6e19c42a;OXYBUTYNIN CHLORIDE EXTENDED RELEASE (OXYBUTYNIN CHLORIDE) TABLET, EXTENDED RELEASE [APHENA PHARMA SOLUTIONS - TENNESSEE, LLC];OXYBUTYNIN CHLORIDE EXTENDED RELEASE (OXYBUTYNIN CHLORIDE) TABLET, EXTENDED RELEASE ;APHENA PHARMA SOLUTIONS - TENNESSEE, LLC;863628;15 MG;OXYBUTYNIN CHLORIDE EXTENDED RELEASE (OXYBUTYNIN CHLORIDE) TABLET, EXTENDED RELEASE {15 MG} [APHENA PHARMA SOLUTIONS - TENNESSEE, LLC]
02ff3be7-fc5c-4b91-8c67-ecdf6e19c42a;OXYBUTYNIN CHLORIDE EXTENDED RELEASE (OXYBUTYNIN CHLORIDE) TABLET, EXTENDED RELEASE [APHENA PHARMA SOLUTIONS - TENNESSEE, LLC];OXYBUTYNIN CHLORIDE EXTENDED RELEASE (OXYBUTYNIN CHLORIDE) TABLET, EXTENDED RELEASE ;APHENA PHARMA SOLUTIONS - TENNESSEE, LLC;863636;5 MG;OXYBUTYNIN CHLORIDE EXTENDED RELEASE (OXYBUTYNIN CHLORIDE) TABLET, EXTENDED RELEASE {5 MG} [APHENA PHARMA SOLUTIONS - TENNESSEE, LLC]
00109d18-397a-4c10-a28b-836d56d71829;OXYCODONE AND ACETAMINOPHEN (OXYCODONE HYDROCHLORIDE AND ACETAMINOPHEN) TABLET [STAT RX USA LLC];OXYCODONE AND ACETAMINOPHEN (OXYCODONE HYDROCHLORIDE AND ACETAMINOPHEN) TABLET ;STAT RX USA LLC;1049225;325 MG / 7.5 MG;OXYCODONE AND ACETAMINOPHEN (OXYCODONE HYDROCHLORIDE AND ACETAMINOPHEN) TABLET {325 MG / 7.5 MG} [STAT RX USA LLC]
0233de1c-466b-4842-8604-6d879aa36a4b;OXYCODONE AND ACETAMINOPHEN TABLET [PROFICIENT RX LP];OXYCODONE AND ACETAMINOPHEN TABLET ;PROFICIENT RX LP;1049214;325 MG / 10 MG;OXYCODONE AND ACETAMINOPHEN TABLET {325 MG / 10 MG} [PROFICIENT RX LP]
0233de1c-466b-4842-8604-6d879aa36a4b;OXYCODONE AND ACETAMINOPHEN TABLET [PROFICIENT RX LP];OXYCODONE AND ACETAMINOPHEN TABLET ;PROFICIENT RX LP;1049221;325 MG / 5 MG;OXYCODONE AND ACETAMINOPHEN TABLET {325 MG / 5 MG} [PROFICIENT RX LP]
02b6bcbb-5f16-446d-95d0-1d27a663dbad;OXYGEN GAS [AIR CARE HOME HEALTH INC];OXYGEN GAS ;AIR CARE HOME HEALTH INC;542304;NULL;OXYGEN GAS [AIR CARE HOME HEALTH INC]
01f81c43-a4f5-44a2-b8ba-1828a829208c;OXYGEN GAS [APPLE HOMECARE ASSOCIATES, INC.];OXYGEN GAS ;APPLE HOMECARE ASSOCIATES, INC.;312172;0,99;OXYGEN GAS {0,99} [APPLE HOMECARE ASSOCIATES, INC.]
02b30afa-813b-41ce-8cf3-d9686ff06c77;OXYGEN GAS [AUSTIN RESPIRATORY EQUIPMENT,INC.];OXYGEN GAS ;AUSTIN RESPIRATORY EQUIPMENT,INC.;312172;0,99;OXYGEN GAS {0,99} [AUSTIN RESPIRATORY EQUIPMENT,INC.]
00a4bdc2-f799-4639-8c7e-7be1ad9a1b53;OXYGEN GAS [AIRGAS NOR PAC INC];OXYGEN GAS ;AIRGAS NOR PAC INC;312173;0,995;OXYGEN GAS {0,995} [AIRGAS NOR PAC INC]
0121a1ee-7e43-48ed-9437-36464f9c27dd;OXYGEN GAS [B&J WELDING SUPPLY LTD];OXYGEN GAS ;B&J WELDING SUPPLY LTD;312173;0,995;OXYGEN GAS {0,995} [B&J WELDING SUPPLY LTD]
027c7db2-2a36-477f-90bf-608ff3a0e14e;PAXILCR (PAROXETINE HYDROCHLORIDE) TABLET, FILM COATED, EXTENDED RELEASE [PHYSICIANS TOTAL CARE, INC.];PAXILCR (PAROXETINE HYDROCHLORIDE) TABLET, FILM COATED, EXTENDED RELEASE ;PHYSICIANS TOTAL CARE, INC.;1738803;12.5 MG;PAXILCR (PAROXETINE HYDROCHLORIDE) TABLET, FILM COATED, EXTENDED RELEASE {12.5 MG} [PHYSICIANS TOTAL CARE, INC.]
027c7db2-2a36-477f-90bf-608ff3a0e14e;PAXILCR (PAROXETINE HYDROCHLORIDE) TABLET, FILM COATED, EXTENDED RELEASE [PHYSICIANS TOTAL CARE, INC.];PAXILCR (PAROXETINE HYDROCHLORIDE) TABLET, FILM COATED, EXTENDED RELEASE ;PHYSICIANS TOTAL CARE, INC.;1738805;25 MG;PAXILCR (PAROXETINE HYDROCHLORIDE) TABLET, FILM COATED, EXTENDED RELEASE {25 MG} [PHYSICIANS TOTAL CARE, INC.]
027c7db2-2a36-477f-90bf-608ff3a0e14e;PAXILCR (PAROXETINE HYDROCHLORIDE) TABLET, FILM COATED, EXTENDED RELEASE [PHYSICIANS TOTAL CARE, INC.];PAXILCR (PAROXETINE HYDROCHLORIDE) TABLET, FILM COATED, EXTENDED RELEASE ;PHYSICIANS TOTAL CARE, INC.;1738807;37.5 MG;PAXILCR (PAROXETINE HYDROCHLORIDE) TABLET, FILM COATED, EXTENDED RELEASE {37.5 MG} [PHYSICIANS TOTAL CARE, INC.]
01e79d8f-8c74-4f48-b761-9f225fabf93d;PENICILLAMINE CAPSULE [PAR PHARMACEUTICAL, INC.];PENICILLAMINE CAPSULE ;PAR PHARMACEUTICAL, INC.;198070;250 MG;PENICILLAMINE CAPSULE {250 MG} [PAR PHARMACEUTICAL, INC.]
003fe32c-a55d-4191-99fa-1013522b1b2e;PERPHENAZINE TABLET [CADILA HEALTHCARE LIMITED];PERPHENAZINE TABLET ;CADILA HEALTHCARE LIMITED;198075;16 MG;PERPHENAZINE TABLET {16 MG} [CADILA HEALTHCARE LIMITED]
003fe32c-a55d-4191-99fa-1013522b1b2e;PERPHENAZINE TABLET [CADILA HEALTHCARE LIMITED];PERPHENAZINE TABLET ;CADILA HEALTHCARE LIMITED;198076;2 MG;PERPHENAZINE TABLET {2 MG} [CADILA HEALTHCARE LIMITED]
003fe32c-a55d-4191-99fa-1013522b1b2e;PERPHENAZINE TABLET [CADILA HEALTHCARE LIMITED];PERPHENAZINE TABLET ;CADILA HEALTHCARE LIMITED;198077;4 MG;PERPHENAZINE TABLET {4 MG} [CADILA HEALTHCARE LIMITED]
003fe32c-a55d-4191-99fa-1013522b1b2e;PERPHENAZINE TABLET [CADILA HEALTHCARE LIMITED];PERPHENAZINE TABLET ;CADILA HEALTHCARE LIMITED;198078;8 MG;PERPHENAZINE TABLET {8 MG} [CADILA HEALTHCARE LIMITED]
02b8f684-b1ca-4ab7-9567-bcacc6a92779;PHENTERMINE HYDROCHLORIDE TABLET [SUN PHARMACEUTICAL INDUSTRIES, INC.];PHENTERMINE HYDROCHLORIDE TABLET ;SUN PHARMACEUTICAL INDUSTRIES, INC.;NULL;NULL;PHENTERMINE HYDROCHLORIDE TABLET [SUN PHARMACEUTICAL INDUSTRIES, INC.]
027d77a3-6d62-498b-8901-86f1f73362d5;PHENTERMINE HYDROCHLORIDE TABLET [APOTHECA INC.];PHENTERMINE HYDROCHLORIDE TABLET ;APOTHECA INC.;803353;37.5 MG;PHENTERMINE HYDROCHLORIDE TABLET {37.5 MG} [APOTHECA INC.]
0005e2a8-3ab9-4173-a46f-9c53881379e2;PLAVIX (CLOPIDOGREL BISULFATE) TABLET, FILM COATED [CONTRACT PHARMACY SERVICES-PA];PLAVIX (CLOPIDOGREL BISULFATE) TABLET, FILM COATED ;CONTRACT PHARMACY SERVICES-PA;213169;75 MG;PLAVIX (CLOPIDOGREL BISULFATE) TABLET, FILM COATED {75 MG} [CONTRACT PHARMACY SERVICES-PA]
01d29de1-d6e7-4e99-ba77-83c26caba597;POTASSIUM CHLORIDE CAPSULE, EXTENDED RELEASE [CARILION MATERIALS MANAGEMENT];POTASSIUM CHLORIDE CAPSULE, EXTENDED RELEASE ;CARILION MATERIALS MANAGEMENT;315183;8 MEQ;POTASSIUM CHLORIDE CAPSULE, EXTENDED RELEASE {8 MEQ} [CARILION MATERIALS MANAGEMENT]
0224e5b3-3c49-4e6e-aa78-1abcc6969246;POTASSIUM CHLORIDE TABLET, EXTENDED RELEASE [STRIDES PHARMA SCIENCE LIMITED];POTASSIUM CHLORIDE TABLET, EXTENDED RELEASE ;STRIDES PHARMA SCIENCE LIMITED;628953;10 MEQ;POTASSIUM CHLORIDE TABLET, EXTENDED RELEASE {10 MEQ} [STRIDES PHARMA SCIENCE LIMITED]
0224e5b3-3c49-4e6e-aa78-1abcc6969246;POTASSIUM CHLORIDE TABLET, EXTENDED RELEASE [STRIDES PHARMA SCIENCE LIMITED];POTASSIUM CHLORIDE TABLET, EXTENDED RELEASE ;STRIDES PHARMA SCIENCE LIMITED;312529;8 MEQ;POTASSIUM CHLORIDE TABLET, EXTENDED RELEASE {8 MEQ} [STRIDES PHARMA SCIENCE LIMITED]
034d279c-05e4-496e-9fc6-058dae158c60;POTASSIUM CHLORIDE TABLET, FILM COATED, EXTENDED RELEASE [PROFICIENT RX LP];POTASSIUM CHLORIDE TABLET, FILM COATED, EXTENDED RELEASE ;PROFICIENT RX LP;628953;10 MEQ;POTASSIUM CHLORIDE TABLET, FILM COATED, EXTENDED RELEASE {10 MEQ} [PROFICIENT RX LP]
034c35a5-c037-4ad8-82d1-aec4feac4c97;PRANDIN (REPAGLINIDE) TABLET [PHYSICIANS TOTAL CARE, INC.];PRANDIN (REPAGLINIDE) TABLET ;PHYSICIANS TOTAL CARE, INC.;213219;1 MG;PRANDIN (REPAGLINIDE) TABLET {1 MG} [PHYSICIANS TOTAL CARE, INC.]
034c35a5-c037-4ad8-82d1-aec4feac4c97;PRANDIN (REPAGLINIDE) TABLET [PHYSICIANS TOTAL CARE, INC.];PRANDIN (REPAGLINIDE) TABLET ;PHYSICIANS TOTAL CARE, INC.;200258;2 MG;PRANDIN (REPAGLINIDE) TABLET {2 MG} [PHYSICIANS TOTAL CARE, INC.]
021370d8-a61c-4510-b717-40dadcf9a4dc;PRAZOSIN HYDROCHLORIDE CAPSULE [APHENA PHARMA SOLUTIONS - TENNESSEE, INC.];PRAZOSIN HYDROCHLORIDE CAPSULE ;APHENA PHARMA SOLUTIONS - TENNESSEE, INC.;312594;2 MG;PRAZOSIN HYDROCHLORIDE CAPSULE {2 MG} [APHENA PHARMA SOLUTIONS - TENNESSEE, INC.]
031f843b-9251-49c7-b2e7-be4cbd2e2295;PREGABALIN CAPSULE [CELLTRION USA, INC.];PREGABALIN CAPSULE ;CELLTRION USA, INC.;483438;100 MG;PREGABALIN CAPSULE {100 MG} [CELLTRION USA, INC.]
031f843b-9251-49c7-b2e7-be4cbd2e2295;PREGABALIN CAPSULE [CELLTRION USA, INC.];PREGABALIN CAPSULE ;CELLTRION USA, INC.;483440;150 MG;PREGABALIN CAPSULE {150 MG} [CELLTRION USA, INC.]
031f843b-9251-49c7-b2e7-be4cbd2e2295;PREGABALIN CAPSULE [CELLTRION USA, INC.];PREGABALIN CAPSULE ;CELLTRION USA, INC.;483448;50 MG;PREGABALIN CAPSULE {50 MG} [CELLTRION USA, INC.]
031f843b-9251-49c7-b2e7-be4cbd2e2295;PREGABALIN CAPSULE [CELLTRION USA, INC.];PREGABALIN CAPSULE ;CELLTRION USA, INC.;483450;75 MG;PREGABALIN CAPSULE {75 MG} [CELLTRION USA, INC.]
016b4aa0-ec8f-4bbc-aa07-58e3da801c3b;PROCHLORPERAZINE EDISYLATE INJECTION [PHYSICIANS TOTAL CARE, INC.];PROCHLORPERAZINE EDISYLATE INJECTION ;PHYSICIANS TOTAL CARE, INC.;NULL;NULL;PROCHLORPERAZINE EDISYLATE INJECTION [PHYSICIANS TOTAL CARE, INC.]
01da3604-e28b-404e-8d14-ab3b9f8d03e3;PROMETHAZINE HYDROCHLORIDE INJECTION [PHYSICIANS TOTAL CARE, INC.];PROMETHAZINE HYDROCHLORIDE INJECTION ;PHYSICIANS TOTAL CARE, INC.;992460;25 MG/ML;PROMETHAZINE HYDROCHLORIDE INJECTION {25 MG/ML} [PHYSICIANS TOTAL CARE, INC.]
01da3604-e28b-404e-8d14-ab3b9f8d03e3;PROMETHAZINE HYDROCHLORIDE INJECTION [PHYSICIANS TOTAL CARE, INC.];PROMETHAZINE HYDROCHLORIDE INJECTION ;PHYSICIANS TOTAL CARE, INC.;992858;50 MG/ML;PROMETHAZINE HYDROCHLORIDE INJECTION {50 MG/ML} [PHYSICIANS TOTAL CARE, INC.]
01b3a05f-6002-4cf9-96ac-ff0eed8a196c;PROMETHAZINE HYDROCHLORIDE TABLET [H.J. HARKINS COMPANY, INC.];PROMETHAZINE HYDROCHLORIDE TABLET ;H.J. HARKINS COMPANY, INC.;992447;25 MG;PROMETHAZINE HYDROCHLORIDE TABLET {25 MG} [H.J. HARKINS COMPANY, INC.]
024003d4-eb1f-4537-92f8-555cf1f354dc;PROPRANOLOL HYROCHLORIDE (PROPRANOLOL HYDROCHLORIDE) TABLET [NORTHWIND PHARMACEUTICALS];PROPRANOLOL HYROCHLORIDE (PROPRANOLOL HYDROCHLORIDE) TABLET ;NORTHWIND PHARMACEUTICALS;856448;10 MG;PROPRANOLOL HYROCHLORIDE (PROPRANOLOL HYDROCHLORIDE) TABLET {10 MG} [NORTHWIND PHARMACEUTICALS]
03517f29-f270-4350-a57a-fbe1967b0096;QUETIAPINE FUMARATE TABLET [PROFICIENT RX LP];QUETIAPINE FUMARATE TABLET ;PROFICIENT RX LP;616483;400 MG;QUETIAPINE FUMARATE TABLET {400 MG} [PROFICIENT RX LP]
02a34403-3cb9-4de7-8c40-9da281a8e5e1;QUINIDINE SULFATE TABLET [CARILION MATERIALS MANAGEMENT];QUINIDINE SULFATE TABLET ;CARILION MATERIALS MANAGEMENT;852877;200 MG;QUINIDINE SULFATE TABLET {200 MG} [CARILION MATERIALS MANAGEMENT]
01c74610-b705-4485-945b-e935090b6e68;RAMIPRIL CAPSULE [DIRECTRX];RAMIPRIL CAPSULE ;DIRECTRX;261962;10 MG;RAMIPRIL CAPSULE {10 MG} [DIRECTRX]
00bdb48f-8b8f-4cc5-bb63-77213f2279cb;RAMIPRIL CAPSULE [REBEL DISTRIBUTORS CORP];RAMIPRIL CAPSULE ;REBEL DISTRIBUTORS CORP;261962;10 MG;RAMIPRIL CAPSULE {10 MG} [REBEL DISTRIBUTORS CORP]
00bdb48f-8b8f-4cc5-bb63-77213f2279cb;RAMIPRIL CAPSULE [REBEL DISTRIBUTORS CORP];RAMIPRIL CAPSULE ;REBEL DISTRIBUTORS CORP;198188;2.5 MG;RAMIPRIL CAPSULE {2.5 MG} [REBEL DISTRIBUTORS CORP]
00bdb48f-8b8f-4cc5-bb63-77213f2279cb;RAMIPRIL CAPSULE [REBEL DISTRIBUTORS CORP];RAMIPRIL CAPSULE ;REBEL DISTRIBUTORS CORP;198189;5 MG;RAMIPRIL CAPSULE {5 MG} [REBEL DISTRIBUTORS CORP]
025876b6-f031-43ea-967a-b1d95b4685a6;REYATAZ (ATAZANAVIR SULFATE) CAPSULE, GELATIN COATED [PHYSICIANS TOTAL CARE, INC.];REYATAZ (ATAZANAVIR SULFATE) CAPSULE, GELATIN COATED ;PHYSICIANS TOTAL CARE, INC.;402094;150 MG;REYATAZ (ATAZANAVIR SULFATE) CAPSULE, GELATIN COATED {150 MG} [PHYSICIANS TOTAL CARE, INC.]
025876b6-f031-43ea-967a-b1d95b4685a6;REYATAZ (ATAZANAVIR SULFATE) CAPSULE, GELATIN COATED [PHYSICIANS TOTAL CARE, INC.];REYATAZ (ATAZANAVIR SULFATE) CAPSULE, GELATIN COATED ;PHYSICIANS TOTAL CARE, INC.;402247;200 MG;REYATAZ (ATAZANAVIR SULFATE) CAPSULE, GELATIN COATED {200 MG} [PHYSICIANS TOTAL CARE, INC.]
025876b6-f031-43ea-967a-b1d95b4685a6;REYATAZ (ATAZANAVIR SULFATE) CAPSULE, GELATIN COATED [PHYSICIANS TOTAL CARE, INC.];REYATAZ (ATAZANAVIR SULFATE) CAPSULE, GELATIN COATED ;PHYSICIANS TOTAL CARE, INC.;664741;300 MG;REYATAZ (ATAZANAVIR SULFATE) CAPSULE, GELATIN COATED {300 MG} [PHYSICIANS TOTAL CARE, INC.]
01859e07-1262-4cc6-b7ed-5a273cbf0c36;RISPERDAL (RISPERIDONE) TABLET [REBEL DISTRIBUTORS CORP];RISPERDAL (RISPERIDONE) TABLET ;REBEL DISTRIBUTORS CORP;104781;1 MG;RISPERDAL (RISPERIDONE) TABLET {1 MG} [REBEL DISTRIBUTORS CORP]
01859e07-1262-4cc6-b7ed-5a273cbf0c36;RISPERDAL (RISPERIDONE) TABLET [REBEL DISTRIBUTORS CORP];RISPERDAL (RISPERIDONE) TABLET ;REBEL DISTRIBUTORS CORP;312832;3 MG;RISPERDAL (RISPERIDONE) TABLET {3 MG} [REBEL DISTRIBUTORS CORP]
00179766-980b-44b0-99d3-1fee2bb27e37;SERTRALINE HYDROCHLORIDE TABLET [PROFICIENT RX LP];SERTRALINE HYDROCHLORIDE TABLET ;PROFICIENT RX LP;312940;25 MG;SERTRALINE HYDROCHLORIDE TABLET {25 MG} [PROFICIENT RX LP]
01a172e0-d590-4701-8d88-cf012760e4aa;SERTRALINE HYDROCHLORIDE TABLET, FILM COATED [MED-HEALTH PHARMA, LLC];SERTRALINE HYDROCHLORIDE TABLET, FILM COATED ;MED-HEALTH PHARMA, LLC;312938;100 MG;SERTRALINE HYDROCHLORIDE TABLET, FILM COATED {100 MG} [MED-HEALTH PHARMA, LLC]
01a172e0-d590-4701-8d88-cf012760e4aa;SERTRALINE HYDROCHLORIDE TABLET, FILM COATED [MED-HEALTH PHARMA, LLC];SERTRALINE HYDROCHLORIDE TABLET, FILM COATED ;MED-HEALTH PHARMA, LLC;312940;25 MG;SERTRALINE HYDROCHLORIDE TABLET, FILM COATED {25 MG} [MED-HEALTH PHARMA, LLC]
01a172e0-d590-4701-8d88-cf012760e4aa;SERTRALINE HYDROCHLORIDE TABLET, FILM COATED [MED-HEALTH PHARMA, LLC];SERTRALINE HYDROCHLORIDE TABLET, FILM COATED ;MED-HEALTH PHARMA, LLC;312941;50 MG;SERTRALINE HYDROCHLORIDE TABLET, FILM COATED {50 MG} [MED-HEALTH PHARMA, LLC]
0085356d-5fec-3cce-2bd3-108be70e515d;SEVELAMER CARBONATE TABLET, FILM COATED [DR. REDDY'S LABORATORIES LIMITED];SEVELAMER CARBONATE TABLET, FILM COATED ;DR. REDDY'S LABORATORIES LIMITED;749206;800 MG ;SEVELAMER CARBONATE TABLET, FILM COATED {800 MG } [DR. REDDY'S LABORATORIES LIMITED]
00f7425a-6236-47ff-a087-f28f8cdb1aec;SITAVIG (ACYCLOVIR) TABLET, DELAYED RELEASE [CIPHER PHARMACEUTICALS US LLC];SITAVIG (ACYCLOVIR) TABLET, DELAYED RELEASE ;CIPHER PHARMACEUTICALS US LLC;1423662;50 MG;SITAVIG (ACYCLOVIR) TABLET, DELAYED RELEASE {50 MG} [CIPHER PHARMACEUTICALS US LLC]
02f4cf0b-188c-4522-b759-ffe4a9d150e8;SODIUM FLUORIDE 5000 PPM SENSITIVE (SODIUM FLUORIDE1.1%, POTASSIUM NITRATE 5%) GEL, DENTIFRICE [SHEFFIELD PHARMACEUTICALS LLC];SODIUM FLUORIDE 5000 PPM SENSITIVE (SODIUM FLUORIDE1.1%, POTASSIUM NITRATE 5%) GEL, DENTIFRICE ;SHEFFIELD PHARMACEUTICALS LLC;NULL;NULL;SODIUM FLUORIDE 5000 PPM SENSITIVE (SODIUM FLUORIDE1.1%, POTASSIUM NITRATE 5%) GEL, DENTIFRICE [SHEFFIELD PHARMACEUTICALS LLC]
026d3185-aa37-42f8-95a0-7243e0947b7a;STERILE DILUENT FOR ALLERGENIC EXTRACT (GLYCERINE AND PHENOL) INJECTION, SOLUTION STERILE DILUENT FOR ALLERGENIC EXTRACT (PHENOL) INJECTION, SOLUTION STERILE DILUENT FOR ALLERGENIC EXTRACT (HUMAN ALBUMIN AND PHENOL) INJECTION, SOLUTION STERILE DILUENT FOR;STERILE DILUENT FOR ALLERGENIC EXTRACT (GLYCERINE AND PHENOL) INJECTION, SOLUTION STERILE DILUENT FOR ALLERGENIC EXTRACT (PHENOL) INJECTION, SOLUTION STERILE DILUENT FOR ALLERGENIC EXTRACT (HUMAN ALBUMIN AND PHENOL) INJECTION, SOLUTION STERILE DILUENT FOR;ANTIGEN LABORATORIES, INC.;NULL;NULL;STERILE DILUENT FOR ALLERGENIC EXTRACT (GLYCERINE AND PHENOL) INJECTION, SOLUTION STERILE DILUENT FOR ALLERGENIC EXTRACT (PHENOL) INJECTION, SOLUTION STERILE DILUENT FOR ALLERGENIC EXTRACT (HUMAN ALBUMIN AND PHENOL) INJECTION, SOLUTION STERILE DILUENT FOR
01174c59-da71-4470-badc-bbd76cb2b8db;STERILE WATER (WATER) INJECTION, SOLUTION [TYA PHARMACEUTICALS];STERILE WATER (WATER) INJECTION, SOLUTION ;TYA PHARMACEUTICALS;NULL;NULL;STERILE WATER (WATER) INJECTION, SOLUTION [TYA PHARMACEUTICALS]
0121363e-dcd9-4c24-940b-ea890ab762e7;STRATTERA (ATOMOXETINE) CAPSULE [LAKE ERIE MEDICAL DBA QUALITY CARE PRODUCTS LLC];STRATTERA (ATOMOXETINE) CAPSULE ;LAKE ERIE MEDICAL DBA QUALITY CARE PRODUCTS LLC;349593;25 MG;STRATTERA (ATOMOXETINE) CAPSULE {25 MG} [LAKE ERIE MEDICAL DBA QUALITY CARE PRODUCTS LLC]
00add4a1-377c-4971-8924-65bb1aa25f2a;SULFAMETHOXAZOLE AND TRIMETHOPRIM TABLET [STAT RX USA LLC];SULFAMETHOXAZOLE AND TRIMETHOPRIM TABLET ;STAT RX USA LLC;198335;800 MG / 160 MG;SULFAMETHOXAZOLE AND TRIMETHOPRIM TABLET {800 MG / 160 MG} [STAT RX USA LLC]
00eea4aa-f08e-419a-827a-56e40e93f05f;SYNTHROID (LEVOTHYROXINE SODIUM) TABLET [DISPENSING SOLUTIONS, INC.];SYNTHROID (LEVOTHYROXINE SODIUM) TABLET ;DISPENSING SOLUTIONS, INC.;966201;0.15 MG;SYNTHROID (LEVOTHYROXINE SODIUM) TABLET {0.15 MG} [DISPENSING SOLUTIONS, INC.]
032f26c9-1218-4af0-9605-db3b34e5bd51;TERBINAFINE HYDROCHLORIDE TABLET [WOCKHARDT USA LLC.];TERBINAFINE HYDROCHLORIDE TABLET ;WOCKHARDT USA LLC.;313222;250 MG;TERBINAFINE HYDROCHLORIDE TABLET {250 MG} [WOCKHARDT USA LLC.]
02fcc06e-2a81-404f-a7cd-313fcb0d833c;THEOPHYLLINE (THEOPHYLLINE ANHYDROUS) SOLUTION [MARLEX PHARMACEUTICALS INC];THEOPHYLLINE (THEOPHYLLINE ANHYDROUS) SOLUTION ;MARLEX PHARMACEUTICALS INC;313306;5.33 MG/ML;THEOPHYLLINE (THEOPHYLLINE ANHYDROUS) SOLUTION {5.33 MG/ML} [MARLEX PHARMACEUTICALS INC]
029fda33-9df4-465d-8f43-40c61b26bb76;THIOTHIXENE CAPSULE [CARILION MATERIALS MANAGEMENT];THIOTHIXENE CAPSULE ;CARILION MATERIALS MANAGEMENT;313366;5 MG;THIOTHIXENE CAPSULE {5 MG} [CARILION MATERIALS MANAGEMENT]
01f9fb69-2438-481c-b5ec-adebe7825253;TIKOSYN (DOFETILIDE) CAPSULE [AVERA MCKENNAN HOSPITAL];TIKOSYN (DOFETILIDE) CAPSULE ;AVERA MCKENNAN HOSPITAL;284405;0.25 MG;TIKOSYN (DOFETILIDE) CAPSULE {0.25 MG} [AVERA MCKENNAN HOSPITAL]
01765e76-e656-4539-8112-8b7709597c79;TILIA FE (NORETHINDRONE ACETATE AND ETHINYL ESTRADIOL) KIT [PHYSICIANS TOTAL CARE, INC.];TILIA FE (NORETHINDRONE ACETATE AND ETHINYL ESTRADIOL) KIT ;PHYSICIANS TOTAL CARE, INC.;1358762;0.02 MG / 1 MG ;TILIA FE (NORETHINDRONE ACETATE AND ETHINYL ESTRADIOL) KIT {0.02 MG / 1 MG } [PHYSICIANS TOTAL CARE, INC.]
01765e76-e656-4539-8112-8b7709597c79;TILIA FE (NORETHINDRONE ACETATE AND ETHINYL ESTRADIOL) KIT [PHYSICIANS TOTAL CARE, INC.];TILIA FE (NORETHINDRONE ACETATE AND ETHINYL ESTRADIOL) KIT ;PHYSICIANS TOTAL CARE, INC.;1359130;0.03 MG / 1 MG ;TILIA FE (NORETHINDRONE ACETATE AND ETHINYL ESTRADIOL) KIT {0.03 MG / 1 MG } [PHYSICIANS TOTAL CARE, INC.]
01765e76-e656-4539-8112-8b7709597c79;TILIA FE (NORETHINDRONE ACETATE AND ETHINYL ESTRADIOL) KIT [PHYSICIANS TOTAL CARE, INC.];TILIA FE (NORETHINDRONE ACETATE AND ETHINYL ESTRADIOL) KIT ;PHYSICIANS TOTAL CARE, INC.;1359131;0.035 MG / 1 MG ;TILIA FE (NORETHINDRONE ACETATE AND ETHINYL ESTRADIOL) KIT {0.035 MG / 1 MG } [PHYSICIANS TOTAL CARE, INC.]
01765e76-e656-4539-8112-8b7709597c79;TILIA FE (NORETHINDRONE ACETATE AND ETHINYL ESTRADIOL) KIT [PHYSICIANS TOTAL CARE, INC.];TILIA FE (NORETHINDRONE ACETATE AND ETHINYL ESTRADIOL) KIT ;PHYSICIANS TOTAL CARE, INC.;1359134;100 MG/ML;TILIA FE (NORETHINDRONE ACETATE AND ETHINYL ESTRADIOL) KIT {100 MG/ML} [PHYSICIANS TOTAL CARE, INC.]
01765e76-e656-4539-8112-8b7709597c79;TILIA FE (NORETHINDRONE ACETATE AND ETHINYL ESTRADIOL) KIT [PHYSICIANS TOTAL CARE, INC.];TILIA FE (NORETHINDRONE ACETATE AND ETHINYL ESTRADIOL) KIT ;PHYSICIANS TOTAL CARE, INC.;1359132;250 MG;TILIA FE (NORETHINDRONE ACETATE AND ETHINYL ESTRADIOL) KIT {250 MG} [PHYSICIANS TOTAL CARE, INC.]
01765e76-e656-4539-8112-8b7709597c79;TILIA FE (NORETHINDRONE ACETATE AND ETHINYL ESTRADIOL) KIT [PHYSICIANS TOTAL CARE, INC.];TILIA FE (NORETHINDRONE ACETATE AND ETHINYL ESTRADIOL) KIT ;PHYSICIANS TOTAL CARE, INC.;259176;75 MG;TILIA FE (NORETHINDRONE ACETATE AND ETHINYL ESTRADIOL) KIT {75 MG} [PHYSICIANS TOTAL CARE, INC.]
0236cc2e-43ca-4ee4-8684-62e4c75053af;TIZANIDINE TABLET [APHENA PHARMA SOLUTIONS - TENNESSEE, LLC];TIZANIDINE TABLET ;APHENA PHARMA SOLUTIONS - TENNESSEE, LLC;313413;4 MG;TIZANIDINE TABLET {4 MG} [APHENA PHARMA SOLUTIONS - TENNESSEE, LLC]
011eedbd-efb1-4d4e-99f0-b6bca81fb5ad;TOPIRAMATE TABLET, FILM COATED [PHYSICIANS TOTAL CARE, INC];TOPIRAMATE TABLET, FILM COATED ;PHYSICIANS TOTAL CARE, INC;199889;100 MG;TOPIRAMATE TABLET, FILM COATED {100 MG} [PHYSICIANS TOTAL CARE, INC]
011eedbd-efb1-4d4e-99f0-b6bca81fb5ad;TOPIRAMATE TABLET, FILM COATED [PHYSICIANS TOTAL CARE, INC];TOPIRAMATE TABLET, FILM COATED ;PHYSICIANS TOTAL CARE, INC;199890;200 MG;TOPIRAMATE TABLET, FILM COATED {200 MG} [PHYSICIANS TOTAL CARE, INC]
011eedbd-efb1-4d4e-99f0-b6bca81fb5ad;TOPIRAMATE TABLET, FILM COATED [PHYSICIANS TOTAL CARE, INC];TOPIRAMATE TABLET, FILM COATED ;PHYSICIANS TOTAL CARE, INC;199888;25 MG;TOPIRAMATE TABLET, FILM COATED {25 MG} [PHYSICIANS TOTAL CARE, INC]
011eedbd-efb1-4d4e-99f0-b6bca81fb5ad;TOPIRAMATE TABLET, FILM COATED [PHYSICIANS TOTAL CARE, INC];TOPIRAMATE TABLET, FILM COATED ;PHYSICIANS TOTAL CARE, INC;151226;50 MG;TOPIRAMATE TABLET, FILM COATED {50 MG} [PHYSICIANS TOTAL CARE, INC]
033a2eb1-aba2-410b-8b9e-fafbc789ffa3;TOPIRAMATE TABLET, FILM COATED [UNIT DOSE SERVICES];TOPIRAMATE TABLET, FILM COATED ;UNIT DOSE SERVICES;151226;50 MG;TOPIRAMATE TABLET, FILM COATED {50 MG} [UNIT DOSE SERVICES]
0107d19a-b43a-4a36-8b8c-4dfc247630e9;TRANDOLAPRIL TABLET [RISING HEALTH, LLC];TRANDOLAPRIL TABLET ;RISING HEALTH, LLC;199353;1 MG;TRANDOLAPRIL TABLET {1 MG} [RISING HEALTH, LLC]
0107d19a-b43a-4a36-8b8c-4dfc247630e9;TRANDOLAPRIL TABLET [RISING HEALTH, LLC];TRANDOLAPRIL TABLET ;RISING HEALTH, LLC;199351;2 MG;TRANDOLAPRIL TABLET {2 MG} [RISING HEALTH, LLC]
0107d19a-b43a-4a36-8b8c-4dfc247630e9;TRANDOLAPRIL TABLET [RISING HEALTH, LLC];TRANDOLAPRIL TABLET ;RISING HEALTH, LLC;199352;4 MG;TRANDOLAPRIL TABLET {4 MG} [RISING HEALTH, LLC]
00ba5395-1455-4ea9-9278-e3749979526c;TRIMETHOBENZAMIDE HYDROCHLORIDE CAPSULE [BRYANT RANCH PREPACK];TRIMETHOBENZAMIDE HYDROCHLORIDE CAPSULE ;BRYANT RANCH PREPACK;860771;300 MG;TRIMETHOBENZAMIDE HYDROCHLORIDE CAPSULE {300 MG} [BRYANT RANCH PREPACK]
032f734e-4969-46ae-a3b6-d8dcb4ccc482;TRUVADA (EMTRICITABINE AND TENOFOVIR DISOPROXIL FUMARATE) TABLET, FILM COATED [AVERA MCKENNAN HOSPITAL];TRUVADA (EMTRICITABINE AND TENOFOVIR DISOPROXIL FUMARATE) TABLET, FILM COATED ;AVERA MCKENNAN HOSPITAL;476556;200 MG / 300 MG;TRUVADA (EMTRICITABINE AND TENOFOVIR DISOPROXIL FUMARATE) TABLET, FILM COATED {200 MG / 300 MG} [AVERA MCKENNAN HOSPITAL]
002d4c7e-b94e-49b6-8554-0aa0c60d5bde;VALPROIC ACID CAPSULE [APHENA PHARMA SOLUTIONS - TENNESSEE, LLC];VALPROIC ACID CAPSULE ;APHENA PHARMA SOLUTIONS - TENNESSEE, LLC;1099681;250 MG;VALPROIC ACID CAPSULE {250 MG} [APHENA PHARMA SOLUTIONS - TENNESSEE, LLC]
00743170-275e-43b2-8728-bef3c788aa0f;VALSARTAN AND HYDROCHLOROTHIAZIDE TABLET, FILM COATED [DISPENSING SOLUTIONS, INC.];VALSARTAN AND HYDROCHLOROTHIAZIDE TABLET, FILM COATED ;DISPENSING SOLUTIONS, INC.;636045;25 MG / 320 MG;VALSARTAN AND HYDROCHLOROTHIAZIDE TABLET, FILM COATED {25 MG / 320 MG} [DISPENSING SOLUTIONS, INC.]
01d6c49d-f831-44dc-bd59-dc93ebdeee2f;VENLAFAXINE HYDROCHLORIDE CAPSULE, EXTENDED RELEASE [TYA PHARMACEUTICALS];VENLAFAXINE HYDROCHLORIDE CAPSULE, EXTENDED RELEASE ;TYA PHARMACEUTICALS;313581;150 MG;VENLAFAXINE HYDROCHLORIDE CAPSULE, EXTENDED RELEASE {150 MG} [TYA PHARMACEUTICALS]
01d6c49d-f831-44dc-bd59-dc93ebdeee2f;VENLAFAXINE HYDROCHLORIDE CAPSULE, EXTENDED RELEASE [TYA PHARMACEUTICALS];VENLAFAXINE HYDROCHLORIDE CAPSULE, EXTENDED RELEASE ;TYA PHARMACEUTICALS;313583;37.5 MG;VENLAFAXINE HYDROCHLORIDE CAPSULE, EXTENDED RELEASE {37.5 MG} [TYA PHARMACEUTICALS]
02f19c91-9d39-4843-b6a4-25d81280b067;VILEVEV MB (METHENAMINE, PHENYL SALICYLATE, SODIUM PHOSPHATE, MONOBASIC, ANHYDROUS, METHYLENE BLUE ANHYDROUS, AND HYOSCYAMINE SULFATE) TABLET [VILVET PHARMACEUTICALS INC];VILEVEV MB (METHENAMINE, PHENYL SALICYLATE, SODIUM PHOSPHATE, MONOBASIC, ANHYDROUS, METHYLENE BLUE ANHYDROUS, AND HYOSCYAMINE SULFATE) TABLET ;VILVET PHARMACEUTICALS INC;1048336;0.12 MG / 81 MG / 10.8 MG / 32.4 MG / 40.8 MG;VILEVEV MB (METHENAMINE, PHENYL SALICYLATE, SODIUM PHOSPHATE, MONOBASIC, ANHYDROUS, METHYLENE BLUE ANHYDROUS, AND HYOSCYAMINE SULFATE) TABLET {0.12 MG / 81 MG / 10.8 MG / 32.4 MG / 40.8 MG} [VILVET PHARMACEUTICALS INC]
02202313-75fa-43e7-b647-4b6f68780f86;ZYRTEC (CETIRIZINE HYDROCHLORIDE) TABLET, FILM COATED [BRYANT RANCH PREPACK];ZYRTEC (CETIRIZINE HYDROCHLORIDE) TABLET, FILM COATED ;BRYANT RANCH PREPACK;1014678;10 MG ;ZYRTEC (CETIRIZINE HYDROCHLORIDE) TABLET, FILM COATED {10 MG } [BRYANT RANCH PREPACK]
